i,size,mu,method,random,remerge,relative,time,modularity,conductance,jaccard
0,1000,0.4,Louvain,False,True,False,3.100395679473877,0.2491603083757821,0.24485613601428113,0.245804774285039
1,1000,0.4,Louvain,False,True,False,3.257939577102661,0.5628005182067192,0.6017978997093869,0.941740770681757
2,1000,0.4,Louvain,False,True,False,2.7795636653900146,0.25446626263321903,0.2512155227708941,0.23057803468208093
1000_0.4_3,ERRORException type : KeyboardInterrupt Exception message : Stack trace : ['File : /home/talyasapir2/BioNetworkClustering/YemeniteStep/yemeniteStepTesterLinux.py , Line : 79, Func.Name : run_test, Message : comms = ys.get_communities(G, splitting_func=method, randomized=rnd, remerge=rmrg ,relative=rltv)', 'File : /home/talyasapir2/BioNetworkClustering/YemeniteStep/yemenitestep.py , Line : 408, Func.Name : get_communities, Message : louvain.run()', 'File : /home/talyasapir2/BioNetworkClustering/YemeniteStep/yemenitestep.py , Line : 41, Func.Name : run, Message : self.iterate()', 'File : /home/talyasapir2/BioNetworkClustering/YemeniteStep/yemenitestep.py , Line : 135, Func.Name : iterate, Message : self.split_communities(self.communities, community_map)', 'File : /home/talyasapir2/BioNetworkClustering/YemeniteStep/yemenitestep.py , Line : 209, Func.Name : split_communities, Message : sub_community_map = self.splitting_func(subgraph)', 'File : /home/talyasapir2/BioNetworkClustering/YemeniteStep/splitting_functions.py , Line : 21, Func.Name : louvainfunc, Message : l.run()', 'File : /home/talyasapir2/BioNetworkClustering/YemeniteStep/yemenitestep.py , Line : 41, Func.Name : run, Message : self.iterate()', 'File : /home/talyasapir2/BioNetworkClustering/YemeniteStep/yemenitestep.py , Line : 95, Func.Name : iterate, Message : neighbour_communities = self.get_neighbour_communities(', 'File : /home/talyasapir2/BioNetworkClustering/YemeniteStep/yemenitestep.py , Line : 266, Func.Name : get_neighbour_communities, Message : for neighbour in G[node]:', 'File : /home/talyasapir2/.local/lib/python3.9/site-packages/networkx/classes/coreviews.py , Line : 51, Func.Name : __iter__, Message : return iter(self._atlas)', 'File : /home/talyasapir2/.local/lib/python3.9/site-packages/networkx/classes/coreviews.py , Line : 277, Func.Name : __iter__, Message : node_ok_shorter = 2 * len(self.NODE_OK.nodes) < len(self._atlas)']
1000_0.4_4,ERRORException type : KeyboardInterrupt Exception message : Stack trace : ['File : /home/talyasapir2/BioNetworkClustering/YemeniteStep/yemeniteStepTesterLinux.py , Line : 79, Func.Name : run_test, Message : comms = ys.get_communities(G, splitting_func=method, randomized=rnd, remerge=rmrg ,relative=rltv)', 'File : /home/talyasapir2/BioNetworkClustering/YemeniteStep/yemenitestep.py , Line : 408, Func.Name : get_communities, Message : louvain.run()', 'File : /home/talyasapir2/BioNetworkClustering/YemeniteStep/yemenitestep.py , Line : 41, Func.Name : run, Message : self.iterate()', 'File : /home/talyasapir2/BioNetworkClustering/YemeniteStep/yemenitestep.py , Line : 135, Func.Name : iterate, Message : self.split_communities(self.communities, community_map)', 'File : /home/talyasapir2/BioNetworkClustering/YemeniteStep/yemenitestep.py , Line : 209, Func.Name : split_communities, Message : sub_community_map = self.splitting_func(subgraph)', 'File : /home/talyasapir2/BioNetworkClustering/YemeniteStep/splitting_functions.py , Line : 21, Func.Name : louvainfunc, Message : l.run()', 'File : /home/talyasapir2/BioNetworkClustering/YemeniteStep/yemenitestep.py , Line : 41, Func.Name : run, Message : self.iterate()', 'File : /home/talyasapir2/BioNetworkClustering/YemeniteStep/yemenitestep.py , Line : 95, Func.Name : iterate, Message : neighbour_communities = self.get_neighbour_communities(', 'File : /home/talyasapir2/BioNetworkClustering/YemeniteStep/yemenitestep.py , Line : 269, Func.Name : get_neighbour_communities, Message : w = G[node][neighbour].get("weight", 1)', 'File : /home/talyasapir2/.local/lib/python3.9/site-packages/networkx/classes/coreviews.py , Line : 54, Func.Name : __getitem__, Message : return self._atlas[key]', 'File : /home/talyasapir2/.local/lib/python3.9/site-packages/networkx/classes/coreviews.py , Line : 284, Func.Name : __getitem__, Message : def __getitem__(self, key):']
1000_0.4_5,ERRORException type : KeyboardInterrupt Exception message : Stack trace : ['File : /home/talyasapir2/BioNetworkClustering/YemeniteStep/yemeniteStepTesterLinux.py , Line : 79, Func.Name : run_test, Message : comms = ys.get_communities(G, splitting_func=method, randomized=rnd, remerge=rmrg ,relative=rltv)', 'File : /home/talyasapir2/BioNetworkClustering/YemeniteStep/yemenitestep.py , Line : 408, Func.Name : get_communities, Message : louvain.run()', 'File : /home/talyasapir2/BioNetworkClustering/YemeniteStep/yemenitestep.py , Line : 41, Func.Name : run, Message : self.iterate()', 'File : /home/talyasapir2/BioNetworkClustering/YemeniteStep/yemenitestep.py , Line : 71, Func.Name : iterate, Message : self.tracker.initialize_network_statistics(G)', 'File : /home/talyasapir2/BioNetworkClustering/YemeniteStep/communitytracker.py , Line : 29, Func.Name : initialize_network_statistics, Message : degree = G.degree(node, weight="weight") if (relative_k is None) else relative_k[node]', 'File : /home/talyasapir2/.local/lib/python3.9/site-packages/networkx/classes/reportviews.py , Line : 433, Func.Name : __call__, Message : return self.__class__(self._graph, None, weight)[nbunch]', 'File : /home/talyasapir2/.local/lib/python3.9/site-packages/networkx/classes/reportviews.py , Line : 523, Func.Name : __getitem__, Message : return sum(dd.get(weight, 1) for dd in nbrs.values()) + (', 'File : /home/talyasapir2/.local/lib/python3.9/site-packages/networkx/classes/reportviews.py , Line : 523, Func.Name : <genexpr>, Message : return sum(dd.get(weight, 1) for dd in nbrs.values()) + (']
1000_0.4_6,ERRORException type : KeyboardInterrupt Exception message : Stack trace : ['File : /home/talyasapir2/BioNetworkClustering/YemeniteStep/yemeniteStepTesterLinux.py , Line : 79, Func.Name : run_test, Message : comms = ys.get_communities(G, splitting_func=method, randomized=rnd, remerge=rmrg ,relative=rltv)', 'File : /home/talyasapir2/BioNetworkClustering/YemeniteStep/yemenitestep.py , Line : 408, Func.Name : get_communities, Message : louvain.run()', 'File : /home/talyasapir2/BioNetworkClustering/YemeniteStep/yemenitestep.py , Line : 41, Func.Name : run, Message : self.iterate()', 'File : /home/talyasapir2/BioNetworkClustering/YemeniteStep/yemenitestep.py , Line : 116, Func.Name : iterate, Message : new_incident_weight = neighbour_communities[new_community]']
7,1000,0.4,Louvain,False,True,False,3.1371867656707764,0.5654622111999695,0.6011835120073565,0.9445114595898673
8,1000,0.4,Louvain,False,True,False,3.2507755756378174,0.5605657083519446,0.6011372948994592,1.0
9,1000,0.4,Louvain,False,True,False,3.103930950164795,0.24944837179139762,0.24261715661980443,0.23961569439650213
0,10000,0.4,Louvain,False,True,False,44.912662744522095,0.6026541432080567,0.6131199486900631,0.30260664108222896
1,10000,0.4,Louvain,False,True,False,42.27088141441345,0.601790254117164,0.6123352544593934,0.29516072219490336
2,10000,0.4,Louvain,False,True,False,38.02347660064697,0.6020430312691181,0.6122133562388592,0.30527744286707076
3,10000,0.4,Louvain,False,True,False,52.96135473251343,0.602239247564331,0.6127510900474946,0.3114663886759968
4,10000,0.4,Louvain,False,True,False,46.65870380401611,0.601487609585084,0.6112788001068263,0.3230513607310831
5,10000,0.4,Louvain,False,True,False,48.458035707473755,0.6020928025790073,0.6126137181597379,0.3022627304195698
6,10000,0.4,Louvain,False,True,False,51.69229221343994,0.6018326000741466,0.6118305204195816,0.3207918580727466
7,10000,0.4,Louvain,False,True,False,41.952486991882324,0.6023260639445908,0.6129442550780031,0.2882551519121278
8,10000,0.4,Louvain,False,True,False,40.194486141204834,0.6018905718143002,0.612005260246539,0.3024072965162803
9,10000,0.4,Louvain,False,True,False,45.52095556259155,0.6020486897605004,0.6123928743648204,0.3008511772545535
0,1000,0.5,Louvain,False,True,False,3.441073179244995,0.46092851574408344,0.5037481595670723,0.8592599540402382
1,1000,0.5,Louvain,False,True,False,3.338862180709839,0.46611080051294634,0.5106808592543883,0.712067868504772
2,1000,0.5,Louvain,False,True,False,3.0583302974700928,0.4586182911276649,0.5064405395284833,0.745927153656466
3,1000,0.5,Louvain,False,True,False,3.021096706390381,0.4622886778092791,0.5022605005937917,0.9305132886995334
4,1000,0.5,Louvain,False,True,False,2.920335292816162,0.4642019356899919,0.5026059651604008,0.9464086341644957
5,1000,0.5,Louvain,False,True,False,3.6234803199768066,0.46677237163345686,0.5025157390448769,0.9130781499202552
6,1000,0.5,Louvain,False,True,False,3.1806962490081787,0.46310060631032873,0.5057795557666269,0.8562990309183203
7,1000,0.5,Louvain,False,True,False,3.0258371829986572,0.46069801019478485,0.5096230640795643,0.7198218610828971
8,1000,0.5,Louvain,False,True,False,3.4680209159851074,0.45918478119780015,0.5095846854486576,0.6549486803519061
9,1000,0.5,Louvain,False,True,False,3.5108065605163574,0.46185338591304576,0.5005053265357231,0.9609612761045231
0,10000,0.5,Louvain,False,True,False,41.490580320358276,0.5040314991625885,0.5164506129411024,0.24918291134078277
1,10000,0.5,Louvain,False,True,False,50.13312530517578,0.5037215345518644,0.5165476697330842,0.24603526142706378
2,10000,0.5,Louvain,False,True,False,46.40327262878418,0.5041159224939186,0.5166029536547228,0.24387251725716852
3,10000,0.5,Louvain,False,True,False,45.40944719314575,0.5039813648010726,0.5163543418032692,0.2566224199602363
4,10000,0.5,Louvain,False,True,False,42.88284206390381,0.5040150567350447,0.5161966262299066,0.2538902030050607
5,10000,0.5,Louvain,False,True,False,45.58353137969971,0.5043965777242367,0.5170885464073145,0.2499404774946503
6,10000,0.5,Louvain,False,True,False,44.85842299461365,0.5041502090260197,0.5167129691986028,0.2539566169118644
7,10000,0.5,Louvain,False,True,False,43.27396631240845,0.5043734331328313,0.5177794698699177,0.23325479636486032
8,10000,0.5,Louvain,False,True,False,44.62874460220337,0.5047719294875718,0.5172261629020305,0.24565168685070105
9,10000,0.5,Louvain,False,True,False,43.67351818084717,0.5041342581768957,0.5164899063495053,0.24014403959089786
0,1000,0.6,Louvain,False,True,False,4.081512928009033,0.36520511419600293,0.4265953677437452,0.47800296589223923
1,1000,0.6,Louvain,False,True,False,3.376429796218872,0.3668023878678737,0.4124197441746237,0.6258162552876915
2,1000,0.6,Louvain,False,True,False,3.5452868938446045,0.3600892844023851,0.4073460315117555,0.6465001891789633
3,1000,0.6,Louvain,False,True,False,3.9041037559509277,0.35335834211642747,0.4079586736130101,0.5800026824034334
4,1000,0.6,Louvain,False,True,False,3.519439697265625,0.3629753809041144,0.41011742299054366,0.6454453362424998
5,1000,0.6,Louvain,False,True,False,3.6451737880706787,0.35840244841902613,0.40518189730151943,0.5665375915347161
6,1000,0.6,Louvain,False,True,False,4.103151798248291,0.35750429771699527,0.40424258700950166,0.5968519834000074
7,1000,0.6,Louvain,False,True,False,3.8667638301849365,0.3613130082770137,0.40812544617138224,0.6543863688694451
8,1000,0.6,Louvain,False,True,False,3.6049156188964844,0.36249505158771567,0.4180548637868179,0.539969595236587
9,1000,0.6,Louvain,False,True,False,4.261314868927002,0.3540963916116904,0.4114757599001717,0.47400711321873146
0,10000,0.6,Louvain,False,True,False,46.20816993713379,0.4065336344714784,0.42312702411635084,0.17901550027452803
1,10000,0.6,Louvain,False,True,False,46.89370036125183,0.4064953433726137,0.4217614151506095,0.19685765581639542
2,10000,0.6,Louvain,False,True,False,48.01375889778137,0.40643757658477764,0.4214990416668507,0.20180560513888257
3,10000,0.6,Louvain,False,True,False,46.98970866203308,0.40614529355458906,0.4221806242508309,0.1968278749110603
4,10000,0.6,Louvain,False,True,False,53.26338744163513,0.40646687465950354,0.42183949201824933,0.2012488168698077
5,10000,0.6,Louvain,False,True,False,53.666059732437134,0.4065656517004487,0.4223739012540354,0.19839825692665547
6,10000,0.6,Louvain,False,True,False,49.87550354003906,0.4061599196001053,0.4220226958202038,0.19779420435718198
7,10000,0.6,Louvain,False,True,False,48.01975631713867,0.4066506540342002,0.42359204657235716,0.17486476471211915
8,10000,0.6,Louvain,False,True,False,54.36558794975281,0.40637086037596437,0.4225823869825991,0.1951721988045703
9,10000,0.6,Louvain,False,True,False,54.815292835235596,0.40581060511071154,0.42219492602682185,0.18932544459059988
