i,size,mu,method,random,remerge,relative,time,modularity,conductance,jaccard
0,1000,0.4,Louvain,True,False,False,3.6348659992218018,0.5619952270317068,0.5992195105568252,0.9746040886841347
1,1000,0.4,Louvain,True,False,False,3.220182418823242,0.5628005182067192,0.6017978997093869,0.941740770681757
2,1000,0.4,Louvain,True,False,False,3.337951183319092,0.5636947347478328,0.6017830219528861,0.9279124651362368
1000_0.4_3,ERRORException type : KeyboardInterrupt Exception message : Stack trace : ['File : /home/talyasapir2/BioNetworkClustering/YemeniteStep/yemeniteStepTesterLinux.py , Line : 79, Func.Name : run_test, Message : comms = ys.get_communities(G, splitting_func=method, randomized=rnd, remerge=rmrg ,relative=rltv)', 'File : /home/talyasapir2/BioNetworkClustering/YemeniteStep/yemenitestep.py , Line : 408, Func.Name : get_communities, Message : louvain.run()', 'File : /home/talyasapir2/BioNetworkClustering/YemeniteStep/yemenitestep.py , Line : 41, Func.Name : run, Message : self.iterate()', 'File : /home/talyasapir2/BioNetworkClustering/YemeniteStep/yemenitestep.py , Line : 135, Func.Name : iterate, Message : self.split_communities(self.communities, community_map)', 'File : /home/talyasapir2/BioNetworkClustering/YemeniteStep/yemenitestep.py , Line : 209, Func.Name : split_communities, Message : sub_community_map = self.splitting_func(subgraph)', 'File : /home/talyasapir2/BioNetworkClustering/YemeniteStep/splitting_functions.py , Line : 32, Func.Name : louvain_random, Message : l.run()', 'File : /home/talyasapir2/BioNetworkClustering/YemeniteStep/yemenitestep.py , Line : 41, Func.Name : run, Message : self.iterate()', 'File : /home/talyasapir2/BioNetworkClustering/YemeniteStep/yemenitestep.py , Line : 71, Func.Name : iterate, Message : self.tracker.initialize_network_statistics(G)', 'File : /home/talyasapir2/BioNetworkClustering/YemeniteStep/communitytracker.py , Line : 18, Func.Name : initialize_network_statistics, Message : self.m = G.size(weight="weight") if (relative_m is None) else relative_m', 'File : /home/talyasapir2/.local/lib/python3.9/site-packages/networkx/classes/graph.py , Line : 1838, Func.Name : size, Message : s = sum(d for v, d in self.degree(weight=weight))', 'File : /home/talyasapir2/.local/lib/python3.9/site-packages/networkx/classes/graph.py , Line : 1838, Func.Name : <genexpr>, Message : s = sum(d for v, d in self.degree(weight=weight))', 'File : /home/talyasapir2/.local/lib/python3.9/site-packages/networkx/classes/reportviews.py , Line : 536, Func.Name : __iter__, Message : deg = sum(dd.get(weight, 1) for dd in nbrs.values()) + (', 'File : /home/talyasapir2/.local/lib/python3.9/site-packages/networkx/classes/reportviews.py , Line : 536, Func.Name : <genexpr>, Message : deg = sum(dd.get(weight, 1) for dd in nbrs.values()) + (', 'File : /usr/lib/python3.9/_collections_abc.py , Line : 868, Func.Name : __iter__, Message : for key in self._mapping:', 'File : /home/talyasapir2/.local/lib/python3.9/site-packages/networkx/classes/coreviews.py , Line : 282, Func.Name : <genexpr>, Message : return (n for n in self._atlas if self.NODE_OK(n))']
1000_0.4_4,ERRORException type : KeyboardInterrupt Exception message : Stack trace : ['File : /home/talyasapir2/BioNetworkClustering/YemeniteStep/yemeniteStepTesterLinux.py , Line : 79, Func.Name : run_test, Message : comms = ys.get_communities(G, splitting_func=method, randomized=rnd, remerge=rmrg ,relative=rltv)', 'File : /home/talyasapir2/BioNetworkClustering/YemeniteStep/yemenitestep.py , Line : 408, Func.Name : get_communities, Message : louvain.run()', 'File : /home/talyasapir2/BioNetworkClustering/YemeniteStep/yemenitestep.py , Line : 41, Func.Name : run, Message : self.iterate()', 'File : /home/talyasapir2/BioNetworkClustering/YemeniteStep/yemenitestep.py , Line : 135, Func.Name : iterate, Message : self.split_communities(self.communities, community_map)', 'File : /home/talyasapir2/BioNetworkClustering/YemeniteStep/yemenitestep.py , Line : 209, Func.Name : split_communities, Message : sub_community_map = self.splitting_func(subgraph)', 'File : /home/talyasapir2/BioNetworkClustering/YemeniteStep/splitting_functions.py , Line : 32, Func.Name : louvain_random, Message : l.run()', 'File : /home/talyasapir2/BioNetworkClustering/YemeniteStep/yemenitestep.py , Line : 41, Func.Name : run, Message : self.iterate()', 'File : /home/talyasapir2/BioNetworkClustering/YemeniteStep/yemenitestep.py , Line : 95, Func.Name : iterate, Message : neighbour_communities = self.get_neighbour_communities(', 'File : /home/talyasapir2/BioNetworkClustering/YemeniteStep/yemenitestep.py , Line : 269, Func.Name : get_neighbour_communities, Message : w = G[node][neighbour].get("weight", 1)']
1000_0.4_5,ERRORException type : KeyboardInterrupt Exception message : Stack trace : ['File : /home/talyasapir2/BioNetworkClustering/YemeniteStep/yemeniteStepTesterLinux.py , Line : 79, Func.Name : run_test, Message : comms = ys.get_communities(G, splitting_func=method, randomized=rnd, remerge=rmrg ,relative=rltv)', 'File : /home/talyasapir2/BioNetworkClustering/YemeniteStep/yemenitestep.py , Line : 408, Func.Name : get_communities, Message : louvain.run()', 'File : /home/talyasapir2/BioNetworkClustering/YemeniteStep/yemenitestep.py , Line : 41, Func.Name : run, Message : self.iterate()', 'File : /home/talyasapir2/BioNetworkClustering/YemeniteStep/yemenitestep.py , Line : 71, Func.Name : iterate, Message : self.tracker.initialize_network_statistics(G)', 'File : /home/talyasapir2/BioNetworkClustering/YemeniteStep/communitytracker.py , Line : 29, Func.Name : initialize_network_statistics, Message : degree = G.degree(node, weight="weight") if (relative_k is None) else relative_k[node]', 'File : /home/talyasapir2/.local/lib/python3.9/site-packages/networkx/classes/reportviews.py , Line : 433, Func.Name : __call__, Message : return self.__class__(self._graph, None, weight)[nbunch]', 'File : /home/talyasapir2/.local/lib/python3.9/site-packages/networkx/classes/reportviews.py , Line : 420, Func.Name : __init__, Message : self._pred = G._pred if hasattr(G, "_pred") else G._adj']
1000_0.4_6,ERRORException type : KeyboardInterrupt Exception message : Stack trace : ['File : /home/talyasapir2/BioNetworkClustering/YemeniteStep/yemeniteStepTesterLinux.py , Line : 79, Func.Name : run_test, Message : comms = ys.get_communities(G, splitting_func=method, randomized=rnd, remerge=rmrg ,relative=rltv)', 'File : /home/talyasapir2/BioNetworkClustering/YemeniteStep/yemenitestep.py , Line : 408, Func.Name : get_communities, Message : louvain.run()', 'File : /home/talyasapir2/BioNetworkClustering/YemeniteStep/yemenitestep.py , Line : 41, Func.Name : run, Message : self.iterate()', 'File : /home/talyasapir2/BioNetworkClustering/YemeniteStep/yemenitestep.py , Line : 109, Func.Name : iterate, Message : delta_Q = self.calculate_delta_Q(', 'File : /home/talyasapir2/BioNetworkClustering/YemeniteStep/yemenitestep.py , Line : 285, Func.Name : calculate_delta_Q, Message : delta_Q = 2 * k_i_in - sigma_tot * k_i / m']
7,1000,0.4,Louvain,True,False,False,3.6007533073425293,0.5654622111999695,0.6011835120073565,0.9445114595898673
8,1000,0.4,Louvain,True,False,False,3.8886280059814453,0.5605657083519446,0.6011372948994592,1.0
9,1000,0.4,Louvain,True,False,False,3.6407525539398193,0.5620488768031379,0.5999479369250511,0.9741089441829186
0,10000,0.4,Louvain,True,False,False,43.41671013832092,0.6025626274958652,0.6125748409077455,0.30554976197533035
1,10000,0.4,Louvain,True,False,False,49.576913356781006,0.6018032377341509,0.6122395445546733,0.2984998033714305
2,10000,0.4,Louvain,True,False,False,35.976622581481934,0.6020407853269371,0.6122093105291695,0.3047504766136125
3,10000,0.4,Louvain,True,False,False,57.567721128463745,0.6022879484004224,0.6131640561349805,0.3014492498879446
4,10000,0.4,Louvain,True,False,False,52.31761288642883,0.6017650561092357,0.6124439968385926,0.2987886492075408
5,10000,0.4,Louvain,True,False,False,53.943450689315796,0.6020520385421142,0.612424255817946,0.2968078946309582
6,10000,0.4,Louvain,True,False,False,51.35760259628296,0.6017944833639456,0.6122247042988229,0.3053665216255417
7,10000,0.4,Louvain,True,False,False,45.37623834609985,0.6023980155008104,0.612593539140645,0.3069064069480285
8,10000,0.4,Louvain,True,False,False,42.936471700668335,0.6018315533681136,0.6121498180751264,0.30635670720599273
9,10000,0.4,Louvain,True,False,False,40.559022426605225,0.6019854566329654,0.6126912332180059,0.29241264961398294
0,1000,0.5,Louvain,True,False,False,3.3425939083099365,0.4620521610378648,0.5028877498541485,0.9144996256551036
1,1000,0.5,Louvain,True,False,False,3.3060972690582275,0.4661145972841104,0.5126028573843049,0.6847879282218597
2,1000,0.5,Louvain,True,False,False,3.579556703567505,0.46166231816900033,0.505487761648862,0.8551275591993771
3,1000,0.5,Louvain,True,False,False,3.2778611183166504,0.46252123703315123,0.502435058190183,0.9324049603577963
4,1000,0.5,Louvain,True,False,False,3.241192579269409,0.4642019356899919,0.5026059651604008,0.9464086341644957
5,1000,0.5,Louvain,True,False,False,3.2656195163726807,0.46677237163345686,0.5025157390448769,0.9130781499202552
6,1000,0.5,Louvain,True,False,False,3.305760145187378,0.461427135322024,0.5021855347107536,0.8890295564103813
7,1000,0.5,Louvain,True,False,False,3.482360363006592,0.46309270873577596,0.5076800443866902,0.7926524993547277
8,1000,0.5,Louvain,True,False,False,3.3980796337127686,0.46290119415489056,0.5051089291726294,0.8027527035481277
9,1000,0.5,Louvain,True,False,False,3.940190076828003,0.46185338591304576,0.5005053265357231,0.9609612761045231
0,10000,0.5,Louvain,True,False,False,47.944979667663574,0.5041434859165447,0.516582817622474,0.2542128591572944
1,10000,0.5,Louvain,True,False,False,48.070016860961914,0.5036853751730065,0.5161484739922713,0.254940215642811
2,10000,0.5,Louvain,True,False,False,53.50492072105408,0.504135348020785,0.5163632866801575,0.2558950843449948
3,10000,0.5,Louvain,True,False,False,48.511268854141235,0.5039018800140862,0.5162962765989715,0.24842362891196362
4,10000,0.5,Louvain,True,False,False,44.96085071563721,0.5037855584893831,0.5158945399701045,0.2607084157408167
5,10000,0.5,Louvain,True,False,False,51.43335223197937,0.5045161436811874,0.5179027909760733,0.23697071674387366
6,10000,0.5,Louvain,True,False,False,48.16640305519104,0.5040517730804999,0.5163087843141843,0.2579403097572161
7,10000,0.5,Louvain,True,False,False,46.81750178337097,0.5044018441968433,0.5178180532218726,0.23462714086031447
8,10000,0.5,Louvain,True,False,False,49.33613610267639,0.504613337810394,0.5169973645198447,0.23977072614895895
9,10000,0.5,Louvain,True,False,False,48.089508056640625,0.5042890343036337,0.5177785062498527,0.22817503912936155
0,1000,0.6,Louvain,True,False,False,3.3783247470855713,0.36197079558659884,0.4180948661532624,0.4841504169235262
1,1000,0.6,Louvain,True,False,False,3.483473777770996,0.3675392514205253,0.4118259287657887,0.6583237560124292
2,1000,0.6,Louvain,True,False,False,4.068589687347412,0.3568606715482236,0.4003417376983628,0.6676615310155682
3,1000,0.6,Louvain,True,False,False,3.9417614936828613,0.3551236300998668,0.40513277715373364,0.643839179548157
4,1000,0.6,Louvain,True,False,False,4.232558488845825,0.3627061030073386,0.4073722403233002,0.7020735275410254
5,1000,0.6,Louvain,True,False,False,3.7349495887756348,0.364461190715981,0.4101354410931506,0.5979709035222052
6,1000,0.6,Louvain,True,False,False,3.699397087097168,0.3505794942633776,0.4070363267004622,0.46198114362679077
7,1000,0.6,Louvain,True,False,False,4.0943989753723145,0.355859748198277,0.4105772813502633,0.5305614783226723
8,1000,0.6,Louvain,True,False,False,4.125722169876099,0.3618030192354517,0.40755352670483325,0.6422346716464363
9,1000,0.6,Louvain,True,False,False,3.686361312866211,0.3625284843599373,0.41325997357511557,0.615009851334408
0,10000,0.6,Louvain,True,False,False,53.67864465713501,0.4063278729548505,0.4228230570260306,0.1859638368251813
1,10000,0.6,Louvain,True,False,False,49.49370861053467,0.40665709806395034,0.4224182234095356,0.19948398239973164
2,10000,0.6,Louvain,True,False,False,57.72680068016052,0.40632586056869224,0.4212627925727054,0.20028482790454688
3,10000,0.6,Louvain,True,False,False,54.04822492599487,0.4061891249966761,0.42269065057732835,0.18882979311076298
4,10000,0.6,Louvain,True,False,False,52.0306236743927,0.4063710951995696,0.42238280602958445,0.1947266897254053
5,10000,0.6,Louvain,True,False,False,52.39830446243286,0.40584720739370617,0.42233329646596995,0.17941695575436675
6,10000,0.6,Louvain,True,False,False,52.73592281341553,0.406131098034868,0.42151636561938943,0.1980493176820479
7,10000,0.6,Louvain,True,False,False,59.593053340911865,0.40690168375130537,0.4224390041927024,0.19287138203363224
8,10000,0.6,Louvain,True,False,False,50.43850231170654,0.4060598509151667,0.4223055319301007,0.1982417864770806
9,10000,0.6,Louvain,True,False,False,58.8674840927124,0.4058024876711477,0.422398679050596,0.18912127577447818
