i,size,mu,method,random,remerge,relative,time,modularity,conductance,jaccard
0,1000,0.4,Louvain,False,False,False,3.2602646350860596,0.5619952270317068,0.5992195105568252,0.9746040886841347
1,1000,0.4,Louvain,False,False,False,3.2376160621643066,0.5628005182067192,0.6017978997093869,0.941740770681757
2,1000,0.4,Louvain,False,False,False,2.9576399326324463,0.5636947347478328,0.6017830219528861,0.9279124651362368
1000_0.4_3,ERRORException type : KeyboardInterrupt Exception message : Stack trace : ['File : /home/talyasapir2/BioNetworkClustering/YemeniteStep/yemeniteStepTesterLinux.py , Line : 79, Func.Name : run_test, Message : comms = ys.get_communities(G, splitting_func=method, randomized=rnd, remerge=rmrg ,relative=rltv)', 'File : /home/talyasapir2/BioNetworkClustering/YemeniteStep/yemenitestep.py , Line : 408, Func.Name : get_communities, Message : louvain.run()', 'File : /home/talyasapir2/BioNetworkClustering/YemeniteStep/yemenitestep.py , Line : 41, Func.Name : run, Message : self.iterate()', 'File : /home/talyasapir2/BioNetworkClustering/YemeniteStep/yemenitestep.py , Line : 135, Func.Name : iterate, Message : self.split_communities(self.communities, community_map)', 'File : /home/talyasapir2/BioNetworkClustering/YemeniteStep/yemenitestep.py , Line : 209, Func.Name : split_communities, Message : sub_community_map = self.splitting_func(subgraph)', 'File : /home/talyasapir2/BioNetworkClustering/YemeniteStep/splitting_functions.py , Line : 21, Func.Name : louvainfunc, Message : l.run()', 'File : /home/talyasapir2/BioNetworkClustering/YemeniteStep/yemenitestep.py , Line : 41, Func.Name : run, Message : self.iterate()', 'File : /home/talyasapir2/BioNetworkClustering/YemeniteStep/yemenitestep.py , Line : 95, Func.Name : iterate, Message : neighbour_communities = self.get_neighbour_communities(', 'File : /home/talyasapir2/BioNetworkClustering/YemeniteStep/yemenitestep.py , Line : 269, Func.Name : get_neighbour_communities, Message : w = G[node][neighbour].get("weight", 1)', 'File : /home/talyasapir2/.local/lib/python3.9/site-packages/networkx/classes/graph.py , Line : 517, Func.Name : __getitem__, Message : return self.adj[n]', 'File : /home/talyasapir2/.local/lib/python3.9/site-packages/networkx/classes/coreviews.py , Line : 82, Func.Name : __getitem__, Message : return AtlasView(self._atlas[name])']
1000_0.4_4,ERRORException type : KeyboardInterrupt Exception message : Stack trace : ['File : /home/talyasapir2/BioNetworkClustering/YemeniteStep/yemeniteStepTesterLinux.py , Line : 79, Func.Name : run_test, Message : comms = ys.get_communities(G, splitting_func=method, randomized=rnd, remerge=rmrg ,relative=rltv)', 'File : /home/talyasapir2/BioNetworkClustering/YemeniteStep/yemenitestep.py , Line : 408, Func.Name : get_communities, Message : louvain.run()', 'File : /home/talyasapir2/BioNetworkClustering/YemeniteStep/yemenitestep.py , Line : 41, Func.Name : run, Message : self.iterate()', 'File : /home/talyasapir2/BioNetworkClustering/YemeniteStep/yemenitestep.py , Line : 135, Func.Name : iterate, Message : self.split_communities(self.communities, community_map)', 'File : /home/talyasapir2/BioNetworkClustering/YemeniteStep/yemenitestep.py , Line : 209, Func.Name : split_communities, Message : sub_community_map = self.splitting_func(subgraph)', 'File : /home/talyasapir2/BioNetworkClustering/YemeniteStep/splitting_functions.py , Line : 21, Func.Name : louvainfunc, Message : l.run()', 'File : /home/talyasapir2/BioNetworkClustering/YemeniteStep/yemenitestep.py , Line : 41, Func.Name : run, Message : self.iterate()', 'File : /home/talyasapir2/BioNetworkClustering/YemeniteStep/yemenitestep.py , Line : 71, Func.Name : iterate, Message : self.tracker.initialize_network_statistics(G)', 'File : /home/talyasapir2/BioNetworkClustering/YemeniteStep/communitytracker.py , Line : 18, Func.Name : initialize_network_statistics, Message : self.m = G.size(weight="weight") if (relative_m is None) else relative_m', 'File : /home/talyasapir2/.local/lib/python3.9/site-packages/networkx/classes/graph.py , Line : 1838, Func.Name : size, Message : s = sum(d for v, d in self.degree(weight=weight))', 'File : /home/talyasapir2/.local/lib/python3.9/site-packages/networkx/classes/graph.py , Line : 1838, Func.Name : <genexpr>, Message : s = sum(d for v, d in self.degree(weight=weight))', 'File : /home/talyasapir2/.local/lib/python3.9/site-packages/networkx/classes/reportviews.py , Line : 536, Func.Name : __iter__, Message : deg = sum(dd.get(weight, 1) for dd in nbrs.values()) + (', 'File : /home/talyasapir2/.local/lib/python3.9/site-packages/networkx/classes/reportviews.py , Line : 536, Func.Name : <genexpr>, Message : deg = sum(dd.get(weight, 1) for dd in nbrs.values()) + (', 'File : /usr/lib/python3.9/_collections_abc.py , Line : 868, Func.Name : __iter__, Message : for key in self._mapping:', 'File : /home/talyasapir2/.local/lib/python3.9/site-packages/networkx/classes/coreviews.py , Line : 282, Func.Name : <genexpr>, Message : return (n for n in self._atlas if self.NODE_OK(n))']
1000_0.4_5,ERRORException type : KeyboardInterrupt Exception message : Stack trace : ['File : /home/talyasapir2/BioNetworkClustering/YemeniteStep/yemeniteStepTesterLinux.py , Line : 79, Func.Name : run_test, Message : comms = ys.get_communities(G, splitting_func=method, randomized=rnd, remerge=rmrg ,relative=rltv)', 'File : /home/talyasapir2/BioNetworkClustering/YemeniteStep/yemenitestep.py , Line : 408, Func.Name : get_communities, Message : louvain.run()', 'File : /home/talyasapir2/BioNetworkClustering/YemeniteStep/yemenitestep.py , Line : 41, Func.Name : run, Message : self.iterate()', 'File : /home/talyasapir2/BioNetworkClustering/YemeniteStep/yemenitestep.py , Line : 71, Func.Name : iterate, Message : self.tracker.initialize_network_statistics(G)', 'File : /home/talyasapir2/BioNetworkClustering/YemeniteStep/communitytracker.py , Line : 29, Func.Name : initialize_network_statistics, Message : degree = G.degree(node, weight="weight") if (relative_k is None) else relative_k[node]', 'File : /home/talyasapir2/.local/lib/python3.9/site-packages/networkx/classes/reportviews.py , Line : 433, Func.Name : __call__, Message : return self.__class__(self._graph, None, weight)[nbunch]', 'File : /home/talyasapir2/.local/lib/python3.9/site-packages/networkx/classes/reportviews.py , Line : 523, Func.Name : __getitem__, Message : return sum(dd.get(weight, 1) for dd in nbrs.values()) + (', 'File : /home/talyasapir2/.local/lib/python3.9/site-packages/networkx/classes/reportviews.py , Line : 523, Func.Name : <genexpr>, Message : return sum(dd.get(weight, 1) for dd in nbrs.values()) + (']
1000_0.4_6,ERRORException type : KeyboardInterrupt Exception message : Stack trace : ['File : /home/talyasapir2/BioNetworkClustering/YemeniteStep/yemeniteStepTesterLinux.py , Line : 79, Func.Name : run_test, Message : comms = ys.get_communities(G, splitting_func=method, randomized=rnd, remerge=rmrg ,relative=rltv)', 'File : /home/talyasapir2/BioNetworkClustering/YemeniteStep/yemenitestep.py , Line : 408, Func.Name : get_communities, Message : louvain.run()', 'File : /home/talyasapir2/BioNetworkClustering/YemeniteStep/yemenitestep.py , Line : 41, Func.Name : run, Message : self.iterate()', 'File : /home/talyasapir2/BioNetworkClustering/YemeniteStep/yemenitestep.py , Line : 95, Func.Name : iterate, Message : neighbour_communities = self.get_neighbour_communities(', 'File : /home/talyasapir2/BioNetworkClustering/YemeniteStep/yemenitestep.py , Line : 269, Func.Name : get_neighbour_communities, Message : w = G[node][neighbour].get("weight", 1)', 'File : /home/talyasapir2/.local/lib/python3.9/site-packages/networkx/classes/graph.py , Line : 493, Func.Name : __getitem__, Message : def __getitem__(self, n):']
7,1000,0.4,Louvain,False,False,False,3.2390408515930176,0.5654622111999695,0.6011835120073565,0.9445114595898673
8,1000,0.4,Louvain,False,False,False,3.279801607131958,0.5605657083519446,0.6011372948994592,1.0
9,1000,0.4,Louvain,False,False,False,3.5155892372131348,0.5620488768031379,0.5999479369250511,0.9741089441829186
0,10000,0.4,Louvain,False,False,False,44.2946560382843,0.6026541432080567,0.6131199486900631,0.30260664108222896
1,10000,0.4,Louvain,False,False,False,42.15901732444763,0.601790254117164,0.6123352544593934,0.29516072219490336
2,10000,0.4,Louvain,False,False,False,36.26923179626465,0.6020430312691181,0.6122133562388592,0.30527744286707076
3,10000,0.4,Louvain,False,False,False,51.15005588531494,0.602239247564331,0.6127510900474946,0.3114663886759968
4,10000,0.4,Louvain,False,False,False,46.397096157073975,0.6015976511551351,0.6116980245222072,0.3071266083095234
5,10000,0.4,Louvain,False,False,False,47.58354616165161,0.6020928025790073,0.6126137181597379,0.3022627304195698
6,10000,0.4,Louvain,False,False,False,50.948211669921875,0.6018326000741466,0.6118305204195816,0.3207918580727466
7,10000,0.4,Louvain,False,False,False,40.345558881759644,0.6023260639445908,0.6129442550780031,0.2882551519121278
8,10000,0.4,Louvain,False,False,False,38.310842990875244,0.6018905718143002,0.612005260246539,0.3024072965162803
9,10000,0.4,Louvain,False,False,False,44.48126411437988,0.6020741342705375,0.6129493437819871,0.2883311250608836
0,1000,0.5,Louvain,False,False,False,3.323131561279297,0.4620521610378648,0.5028877498541485,0.9144996256551036
1,1000,0.5,Louvain,False,False,False,3.4192724227905273,0.46611080051294634,0.5106808592543883,0.712067868504772
2,1000,0.5,Louvain,False,False,False,2.935802459716797,0.4586182911276649,0.5064405395284833,0.745927153656466
3,1000,0.5,Louvain,False,False,False,2.9930686950683594,0.46252123703315123,0.502435058190183,0.9324049603577963
4,1000,0.5,Louvain,False,False,False,3.067272663116455,0.4642019356899919,0.5026059651604008,0.9464086341644957
5,1000,0.5,Louvain,False,False,False,3.5025851726531982,0.46677237163345686,0.5025157390448769,0.9130781499202552
6,1000,0.5,Louvain,False,False,False,3.0104472637176514,0.46310060631032873,0.5057795557666269,0.8562990309183203
7,1000,0.5,Louvain,False,False,False,2.9787397384643555,0.46309270873577596,0.5076800443866902,0.7926524993547277
8,1000,0.5,Louvain,False,False,False,3.362481117248535,0.46275669604527286,0.5049820863025456,0.794972191323693
9,1000,0.5,Louvain,False,False,False,3.4728100299835205,0.46185338591304576,0.5005053265357231,0.9609612761045231
0,10000,0.5,Louvain,False,False,False,42.71995806694031,0.504072409356017,0.516901897837039,0.24901426244707436
1,10000,0.5,Louvain,False,False,False,50.04372835159302,0.503740387675154,0.5164616565704625,0.24811274143695924
2,10000,0.5,Louvain,False,False,False,45.44726300239563,0.5041689170601659,0.516681135574599,0.2474946297838762
3,10000,0.5,Louvain,False,False,False,42.932358264923096,0.5040579981621575,0.5161921135591842,0.26158090085364255
4,10000,0.5,Louvain,False,False,False,40.95117402076721,0.5039393687473552,0.5159734236465067,0.2581380693038779
5,10000,0.5,Louvain,False,False,False,44.152939319610596,0.5045120962673656,0.5176694989315107,0.23909683873996737
6,10000,0.5,Louvain,False,False,False,44.94824814796448,0.5041502090260197,0.5167129691986028,0.2539566169118644
7,10000,0.5,Louvain,False,False,False,42.59089159965515,0.5043734331328313,0.5177794698699177,0.23325479636486032
8,10000,0.5,Louvain,False,False,False,40.47700548171997,0.5045973963937035,0.5169473321978562,0.24685279571278124
9,10000,0.5,Louvain,False,False,False,41.5832781791687,0.5040933238230784,0.5163848278288228,0.24613034131435954
0,1000,0.6,Louvain,False,False,False,4.069899797439575,0.36646434641590336,0.4263252272833017,0.4792169233624049
1,1000,0.6,Louvain,False,False,False,3.472604274749756,0.36672533782796807,0.4140104904538666,0.6082305512313895
2,1000,0.6,Louvain,False,False,False,3.523164987564087,0.3600892844023851,0.4073460315117555,0.6465001891789633
3,1000,0.6,Louvain,False,False,False,3.6484062671661377,0.35420232166950316,0.40729727723179343,0.5912014230979749
4,1000,0.6,Louvain,False,False,False,3.3760244846343994,0.3625784891210292,0.41188056789524763,0.6155761156318508
5,1000,0.6,Louvain,False,False,False,3.3732051849365234,0.35840244841902613,0.40518189730151943,0.5665375915347161
6,1000,0.6,Louvain,False,False,False,3.839097023010254,0.3572824815159011,0.409450440617,0.5395741261550824
7,1000,0.6,Louvain,False,False,False,3.7320594787597656,0.3616205861243986,0.40981712122527636,0.6179612003196977
8,1000,0.6,Louvain,False,False,False,3.544017791748047,0.36331430989732144,0.415162335793135,0.5762947396963124
9,1000,0.6,Louvain,False,False,False,3.4587762355804443,0.3543276220024225,0.40877481941625116,0.5129764537530896
0,10000,0.6,Louvain,False,False,False,45.97672200202942,0.40644074348077214,0.42267980048482734,0.19355435156027972
1,10000,0.6,Louvain,False,False,False,47.56253099441528,0.4066606163355696,0.42286083662011664,0.19086299145677885
2,10000,0.6,Louvain,False,False,False,46.15330123901367,0.406708788822132,0.4232860756223412,0.1847172451302475
3,10000,0.6,Louvain,False,False,False,46.49395275115967,0.406210038201537,0.42317505786363063,0.19186885098692888
4,10000,0.6,Louvain,False,False,False,51.489248275756836,0.406581459648372,0.4228242210833365,0.19157190092337395
5,10000,0.6,Louvain,False,False,False,50.52647256851196,0.406603704601017,0.42313649267626563,0.18948349984589807
6,10000,0.6,Louvain,False,False,False,47.00726652145386,0.40621906969311755,0.4218995588219988,0.20006734046512178
7,10000,0.6,Louvain,False,False,False,46.06795859336853,0.4067439271766958,0.4221898374315701,0.18912070400923173
8,10000,0.6,Louvain,False,False,False,49.90374159812927,0.40626972851811094,0.4238458312881449,0.179719232569022
9,10000,0.6,Louvain,False,False,False,53.67044758796692,0.40570262305601157,0.4217919395152757,0.19367459620314434
