i,size,mu,method,random,remerge,relative,time,modularity,conductance,jaccard
0,1000,0.4,Louvain,True,True,False,3.3782153129577637,0.2424519614625426,0.24037585080251767,0.2323327818482628
1,1000,0.4,Louvain,True,True,False,3.2095627784729004,0.24761466294040865,0.24364923231204072,0.23280302163213917
2,1000,0.4,Louvain,True,True,False,3.1746673583984375,0.5636947347478328,0.6017830219528861,0.9279124651362368
1000_0.4_3,ERRORException type : KeyboardInterrupt Exception message : Stack trace : ['File : /home/talyasapir2/BioNetworkClustering/YemeniteStep/yemeniteStepTesterLinux.py , Line : 79, Func.Name : run_test, Message : comms = ys.get_communities(G, splitting_func=method, randomized=rnd, remerge=rmrg ,relative=rltv)', 'File : /home/talyasapir2/BioNetworkClustering/YemeniteStep/yemenitestep.py , Line : 408, Func.Name : get_communities, Message : louvain.run()', 'File : /home/talyasapir2/BioNetworkClustering/YemeniteStep/yemenitestep.py , Line : 41, Func.Name : run, Message : self.iterate()', 'File : /home/talyasapir2/BioNetworkClustering/YemeniteStep/yemenitestep.py , Line : 95, Func.Name : iterate, Message : neighbour_communities = self.get_neighbour_communities(', 'File : /home/talyasapir2/BioNetworkClustering/YemeniteStep/yemenitestep.py , Line : 269, Func.Name : get_neighbour_communities, Message : w = G[node][neighbour].get("weight", 1)']
1000_0.4_4,ERRORException type : KeyboardInterrupt Exception message : Stack trace : ['File : /home/talyasapir2/BioNetworkClustering/YemeniteStep/yemeniteStepTesterLinux.py , Line : 79, Func.Name : run_test, Message : comms = ys.get_communities(G, splitting_func=method, randomized=rnd, remerge=rmrg ,relative=rltv)', 'File : /home/talyasapir2/BioNetworkClustering/YemeniteStep/yemenitestep.py , Line : 408, Func.Name : get_communities, Message : louvain.run()', 'File : /home/talyasapir2/BioNetworkClustering/YemeniteStep/yemenitestep.py , Line : 41, Func.Name : run, Message : self.iterate()', 'File : /home/talyasapir2/BioNetworkClustering/YemeniteStep/yemenitestep.py , Line : 135, Func.Name : iterate, Message : self.split_communities(self.communities, community_map)', 'File : /home/talyasapir2/BioNetworkClustering/YemeniteStep/yemenitestep.py , Line : 209, Func.Name : split_communities, Message : sub_community_map = self.splitting_func(subgraph)', 'File : /home/talyasapir2/BioNetworkClustering/YemeniteStep/splitting_functions.py , Line : 32, Func.Name : louvain_random, Message : l.run()', 'File : /home/talyasapir2/BioNetworkClustering/YemeniteStep/yemenitestep.py , Line : 41, Func.Name : run, Message : self.iterate()', 'File : /home/talyasapir2/BioNetworkClustering/YemeniteStep/yemenitestep.py , Line : 105, Func.Name : iterate, Message : self.tracker.remove(node, old_community, old_incident_weight)', 'File : /home/talyasapir2/BioNetworkClustering/YemeniteStep/communitytracker.py , Line : 41, Func.Name : remove, Message : self.community_self_loops[community] -= incident_weight + self.self_loops[node]']
1000_0.4_5,ERRORException type : KeyboardInterrupt Exception message : Stack trace : ['File : /home/talyasapir2/BioNetworkClustering/YemeniteStep/yemeniteStepTesterLinux.py , Line : 79, Func.Name : run_test, Message : comms = ys.get_communities(G, splitting_func=method, randomized=rnd, remerge=rmrg ,relative=rltv)', 'File : /home/talyasapir2/BioNetworkClustering/YemeniteStep/yemenitestep.py , Line : 408, Func.Name : get_communities, Message : louvain.run()', 'File : /home/talyasapir2/BioNetworkClustering/YemeniteStep/yemenitestep.py , Line : 41, Func.Name : run, Message : self.iterate()', 'File : /home/talyasapir2/BioNetworkClustering/YemeniteStep/yemenitestep.py , Line : 71, Func.Name : iterate, Message : self.tracker.initialize_network_statistics(G)', 'File : /home/talyasapir2/BioNetworkClustering/YemeniteStep/communitytracker.py , Line : 29, Func.Name : initialize_network_statistics, Message : degree = G.degree(node, weight="weight") if (relative_k is None) else relative_k[node]', 'File : /home/talyasapir2/.local/lib/python3.9/site-packages/networkx/classes/reportviews.py , Line : 433, Func.Name : __call__, Message : return self.__class__(self._graph, None, weight)[nbunch]', 'File : /home/talyasapir2/.local/lib/python3.9/site-packages/networkx/classes/reportviews.py , Line : 523, Func.Name : __getitem__, Message : return sum(dd.get(weight, 1) for dd in nbrs.values()) + (', 'File : /home/talyasapir2/.local/lib/python3.9/site-packages/networkx/classes/reportviews.py , Line : 523, Func.Name : <genexpr>, Message : return sum(dd.get(weight, 1) for dd in nbrs.values()) + (']
1000_0.4_6,ERRORException type : KeyboardInterrupt Exception message : Stack trace : ['File : /home/talyasapir2/BioNetworkClustering/YemeniteStep/yemeniteStepTesterLinux.py , Line : 79, Func.Name : run_test, Message : comms = ys.get_communities(G, splitting_func=method, randomized=rnd, remerge=rmrg ,relative=rltv)', 'File : /home/talyasapir2/BioNetworkClustering/YemeniteStep/yemenitestep.py , Line : 408, Func.Name : get_communities, Message : louvain.run()', 'File : /home/talyasapir2/BioNetworkClustering/YemeniteStep/yemenitestep.py , Line : 41, Func.Name : run, Message : self.iterate()', 'File : /home/talyasapir2/BioNetworkClustering/YemeniteStep/yemenitestep.py , Line : 95, Func.Name : iterate, Message : neighbour_communities = self.get_neighbour_communities(', 'File : /home/talyasapir2/BioNetworkClustering/YemeniteStep/yemenitestep.py , Line : 269, Func.Name : get_neighbour_communities, Message : w = G[node][neighbour].get("weight", 1)', 'File : /home/talyasapir2/.local/lib/python3.9/site-packages/networkx/classes/coreviews.py , Line : 54, Func.Name : __getitem__, Message : return self._atlas[key]']
7,1000,0.4,Louvain,True,True,False,3.534832715988159,0.5654622111999695,0.6011835120073565,0.9445114595898673
8,1000,0.4,Louvain,True,True,False,3.993335247039795,0.5605657083519446,0.6011372948994592,1.0
9,1000,0.4,Louvain,True,True,False,3.7594006061553955,0.5620488768031379,0.5999479369250511,0.9741089441829186
0,10000,0.4,Louvain,True,True,False,44.91893982887268,0.6026678771444863,0.6131495545648178,0.296726921259199
1,10000,0.4,Louvain,True,True,False,50.43395686149597,0.6018526518726187,0.6120007427052114,0.296333709147695
2,10000,0.4,Louvain,True,True,False,37.66605234146118,0.6019957520050728,0.6117627104455623,0.3023168017803211
3,10000,0.4,Louvain,True,True,False,55.68143129348755,0.6023642956532047,0.6127324104550382,0.3014540187658418
4,10000,0.4,Louvain,True,True,False,57.60856008529663,0.6016498872433176,0.6122300713969621,0.3010582161600953
5,10000,0.4,Louvain,True,True,False,58.96206068992615,0.60214570920578,0.6129634532751727,0.29289075636054784
6,10000,0.4,Louvain,True,True,False,51.95709419250488,0.6018428452135334,0.6121417201785049,0.3116086317813851
7,10000,0.4,Louvain,True,True,False,46.12232446670532,0.6023877429021256,0.6126091974597583,0.29463348623608826
8,10000,0.4,Louvain,True,True,False,46.33914017677307,0.601917345426113,0.6120063645607148,0.30352182709783615
9,10000,0.4,Louvain,True,True,False,45.59295654296875,0.6022512943229882,0.6128687862492296,0.2928638396949998
0,1000,0.5,Louvain,True,True,False,3.1175644397735596,0.4620521610378648,0.5028877498541485,0.9144996256551036
1,1000,0.5,Louvain,True,True,False,3.4014999866485596,0.4658792917484215,0.5105471299556856,0.7099249586636707
2,1000,0.5,Louvain,True,True,False,3.828524112701416,0.4616487589559985,0.5054422953398696,0.8552468994554026
3,1000,0.5,Louvain,True,True,False,3.202687978744507,0.4617098594944816,0.5034061537920611,0.887824235385211
4,1000,0.5,Louvain,True,True,False,3.3710639476776123,0.4642019356899919,0.5026059651604008,0.9464086341644957
5,1000,0.5,Louvain,True,True,False,3.6032915115356445,0.46610976485929145,0.5032468240167952,0.8753822629969419
6,1000,0.5,Louvain,True,True,False,3.2618257999420166,0.22325216511823662,0.22055285916015044,0.2073722785082992
7,1000,0.5,Louvain,True,True,False,3.3169336318969727,0.46309270873577596,0.5076800443866902,0.7926524993547277
8,1000,0.5,Louvain,True,True,False,3.0520505905151367,0.21789464792320234,0.21187417199817105,0.218436873747495
9,1000,0.5,Louvain,True,True,False,3.901095151901245,0.45048712483884074,0.4559786650735054,0.9420771578029643
0,10000,0.5,Louvain,True,True,False,47.452359676361084,0.5041572544792459,0.5173836246126948,0.23783210444956016
1,10000,0.5,Louvain,True,True,False,46.33473324775696,0.5037497341674667,0.5171403516203746,0.23902016509531862
2,10000,0.5,Louvain,True,True,False,45.645153522491455,0.5040554110202493,0.5163681402321116,0.2573344293131033
3,10000,0.5,Louvain,True,True,False,56.05992841720581,0.5039373548636005,0.5164829756544371,0.2535267679656405
4,10000,0.5,Louvain,True,True,False,49.77366352081299,0.5037336831851034,0.516595309296546,0.24797269076073053
5,10000,0.5,Louvain,True,True,False,48.759334325790405,0.5044673891374388,0.5176066892545543,0.24347221056256163
6,10000,0.5,Louvain,True,True,False,49.15382194519043,0.5041851451842405,0.5172429876554829,0.24386956266661325
7,10000,0.5,Louvain,True,True,False,47.53720426559448,0.5045404562363972,0.5173105299495482,0.2472467954504423
8,10000,0.5,Louvain,True,True,False,44.03771185874939,0.5044655954265452,0.5165524961162633,0.2501895306994696
9,10000,0.5,Louvain,True,True,False,48.991013288497925,0.5041233396789989,0.5173024801407008,0.23676214575326118
0,1000,0.6,Louvain,True,True,False,3.9908838272094727,0.3673883256264733,0.4183899340298163,0.575204600752046
1,1000,0.6,Louvain,True,True,False,3.8284976482391357,0.365435988051342,0.41529655137250143,0.5731610563300464
2,1000,0.6,Louvain,True,True,False,4.235467433929443,0.3568643871893766,0.4043407652630808,0.6320418615007793
3,1000,0.6,Louvain,True,True,False,4.809922933578491,0.3609930041722257,0.40788267626206764,0.7233547351524879
4,1000,0.6,Louvain,True,True,False,3.5172970294952393,0.3629362585756426,0.40906673609886635,0.6684722844458926
5,1000,0.6,Louvain,True,True,False,3.557755947113037,0.3641653742032158,0.41026263473071733,0.6186377392603074
6,1000,0.6,Louvain,True,True,False,4.014097690582275,0.3488174990818127,0.4099601946393634,0.39928204291425307
7,1000,0.6,Louvain,True,True,False,3.9696338176727295,0.3634079930124446,0.40981068830447065,0.7079854591938641
8,1000,0.6,Louvain,True,True,False,3.837968349456787,0.35611420024547435,0.40749159864099327,0.5230470645317807
9,1000,0.6,Louvain,True,True,False,3.955669403076172,0.3630738214778236,0.4164259763725138,0.6484660336011687
0,10000,0.6,Louvain,True,True,False,56.2449676990509,0.40630170866907694,0.4235144939612977,0.18703850815562365
1,10000,0.6,Louvain,True,True,False,56.69707155227661,0.40689199968255446,0.4228702385942642,0.19262962181791504
2,10000,0.6,Louvain,True,True,False,55.15215301513672,0.40637438975876344,0.42260744304679543,0.19183824435951177
3,10000,0.6,Louvain,True,True,False,48.08367848396301,0.4060705544264164,0.4222421387784173,0.19432466932586392
4,10000,0.6,Louvain,True,True,False,55.652621030807495,0.40651266657584095,0.42237661160957085,0.1966706563282393
5,10000,0.6,Louvain,True,True,False,55.19329905509949,0.4063802194309214,0.4226141137060986,0.18780235296215358
6,10000,0.6,Louvain,True,True,False,54.51658654212952,0.4062385770880653,0.42242649236206586,0.1955567932462148
7,10000,0.6,Louvain,True,True,False,58.7379834651947,0.40657516071263733,0.422287165064849,0.18966466341232616
8,10000,0.6,Louvain,True,True,False,56.42756628990173,0.40583351607741697,0.422004025692299,0.1977711915729203
9,10000,0.6,Louvain,True,True,False,61.19923186302185,0.40551438952775676,0.4212971680050699,0.19817137850721828
