i,size,mu,method,random,remerge,relative,time,modularity,conductance,jaccard
1000_0.4_0,ERRORException type : KeyboardInterrupt Exception message : Stack trace : ['File : /home/talyasapir2/BioNetworkClustering/YemeniteStep/yemeniteStepTesterLinux.py , Line : 79, Func.Name : run_test, Message : comms = ys.get_communities(G, splitting_func=method, randomized=rnd, remerge=rmrg ,relative=rltv)', 'File : /home/talyasapir2/BioNetworkClustering/YemeniteStep/yemenitestep.py , Line : 408, Func.Name : get_communities, Message : louvain.run()', 'File : /home/talyasapir2/BioNetworkClustering/YemeniteStep/yemenitestep.py , Line : 41, Func.Name : run, Message : self.iterate()', 'File : /home/talyasapir2/BioNetworkClustering/YemeniteStep/yemenitestep.py , Line : 135, Func.Name : iterate, Message : self.split_communities(self.communities, community_map)', 'File : /home/talyasapir2/BioNetworkClustering/YemeniteStep/yemenitestep.py , Line : 209, Func.Name : split_communities, Message : sub_community_map = self.splitting_func(subgraph)', 'File : /home/talyasapir2/BioNetworkClustering/YemeniteStep/splitting_functions.py , Line : 54, Func.Name : girvanNewmanConductance, Message : for comp in comps:', 'File : /home/talyasapir2/.local/lib/python3.9/site-packages/networkx/algorithms/community/centrality.py , Line : 147, Func.Name : girvan_newman, Message : yield _without_most_central_edges(g, most_valuable_edge)', 'File : /home/talyasapir2/.local/lib/python3.9/site-packages/networkx/algorithms/community/centrality.py , Line : 166, Func.Name : _without_most_central_edges, Message : edge = most_valuable_edge(G)', 'File : /home/talyasapir2/.local/lib/python3.9/site-packages/networkx/algorithms/community/centrality.py , Line : 138, Func.Name : most_valuable_edge, Message : betweenness = nx.edge_betweenness_centrality(G)', "File : <class 'networkx.utils.decorators.argmap'> compilation 17 , Line : 4, Func.Name : argmap_edge_betweenness_centrality_14, Message : import inspect", 'File : /home/talyasapir2/.local/lib/python3.9/site-packages/networkx/algorithms/centrality/betweenness.py , Line : 233, Func.Name : edge_betweenness_centrality, Message : betweenness = _accumulate_edges(betweenness, S, P, sigma, s)', 'File : /home/talyasapir2/.local/lib/python3.9/site-packages/networkx/algorithms/centrality/betweenness.py , Line : 345, Func.Name : _accumulate_edges, Message : w = S.pop()']
1000_0.4_1,ERRORException type : KeyboardInterrupt Exception message : Stack trace : ['File : /home/talyasapir2/BioNetworkClustering/YemeniteStep/yemeniteStepTesterLinux.py , Line : 79, Func.Name : run_test, Message : comms = ys.get_communities(G, splitting_func=method, randomized=rnd, remerge=rmrg ,relative=rltv)', 'File : /home/talyasapir2/BioNetworkClustering/YemeniteStep/yemenitestep.py , Line : 408, Func.Name : get_communities, Message : louvain.run()', 'File : /home/talyasapir2/BioNetworkClustering/YemeniteStep/yemenitestep.py , Line : 41, Func.Name : run, Message : self.iterate()', 'File : /home/talyasapir2/BioNetworkClustering/YemeniteStep/yemenitestep.py , Line : 71, Func.Name : iterate, Message : self.tracker.initialize_network_statistics(G)', 'File : /home/talyasapir2/BioNetworkClustering/YemeniteStep/communitytracker.py , Line : 30, Func.Name : initialize_network_statistics, Message : self.degrees[node] = self.community_degrees[community] = degree']
1000_0.4_2,ERRORException type : KeyboardInterrupt Exception message : Stack trace : ['File : /home/talyasapir2/BioNetworkClustering/YemeniteStep/yemeniteStepTesterLinux.py , Line : 79, Func.Name : run_test, Message : comms = ys.get_communities(G, splitting_func=method, randomized=rnd, remerge=rmrg ,relative=rltv)', 'File : /home/talyasapir2/BioNetworkClustering/YemeniteStep/yemenitestep.py , Line : 408, Func.Name : get_communities, Message : louvain.run()', 'File : /home/talyasapir2/BioNetworkClustering/YemeniteStep/yemenitestep.py , Line : 41, Func.Name : run, Message : self.iterate()', 'File : /home/talyasapir2/BioNetworkClustering/YemeniteStep/yemenitestep.py , Line : 108, Func.Name : iterate, Message : for community, incident_wt in neighbour_communities.items():']
3,1000,0.4,GN_conductance,True,False,False,138.77096557617188,0.564275731059279,0.5999597731917252,0.9671056448337878
4,1000,0.4,GN_conductance,True,False,False,138.21838426589966,0.5621092222102126,0.5988024312174332,1.0
5,1000,0.4,GN_conductance,True,False,False,133.23983097076416,0.5600549714644938,0.6028749259657862,0.8340648898140187
6,1000,0.4,GN_conductance,True,False,False,170.5808069705963,0.5635330070497153,0.6037724768049151,0.8924355947860002
7,1000,0.4,GN_conductance,True,False,False,159.13541674613953,0.5654622111999695,0.6011835120073565,0.9445114595898673
8,1000,0.4,GN_conductance,True,False,False,189.84786009788513,0.5605657083519446,0.6011372948994592,1.0
9,1000,0.4,GN_conductance,True,False,False,176.9865961074829,0.5620488768031379,0.5999479369250511,0.9741089441829186
0,10000,0.4,GN_conductance,True,False,False,1381.477202653885,0.6022193275352911,0.6126605645687525,0.30587209664362663
1,10000,0.4,GN_conductance,True,False,False,1388.249345779419,0.6012911559728729,0.6113570486159647,0.3080483073148893
2,10000,0.4,GN_conductance,True,False,False,1372.7053031921387,0.6018131041465954,0.6127500688014066,0.29020299384273396
3,10000,0.4,GN_conductance,True,False,False,1162.8597543239594,0.6020824154798112,0.6128099002037936,0.2985748408752211
4,10000,0.4,GN_conductance,True,False,False,1099.495172739029,0.6014060470505078,0.6117774843413442,0.296758297706205
5,10000,0.4,GN_conductance,True,False,False,1117.3510632514954,0.6016309852075147,0.6119164824707821,0.30513351749539597
6,10000,0.4,GN_conductance,True,False,False,1169.0059597492218,0.601497144150985,0.6115265662026784,0.30971739845720764
7,10000,0.4,GN_conductance,True,False,False,1092.8129045963287,0.6020853975487647,0.6128267012045756,0.2844158761129619
8,10000,0.4,GN_conductance,True,False,False,1106.5340662002563,0.6012249216675013,0.6119251856319325,0.289753715630632
9,10000,0.4,GN_conductance,True,False,False,1106.8647038936615,0.6018284669069535,0.6124180419033318,0.3013690094709108
0,1000,0.5,GN_conductance,True,False,False,96.91207122802734,0.4620521610378648,0.5028877498541485,0.9144996256551036
1,1000,0.5,GN_conductance,True,False,False,111.80935668945312,0.4649706035635414,0.5116279795042138,0.6666533610091011
2,1000,0.5,GN_conductance,True,False,False,120.4058575630188,0.460927646476776,0.5061504354605306,0.8050884001724882
3,1000,0.5,GN_conductance,True,False,False,86.23736143112183,0.4621368646002363,0.5034002470983722,0.8723069590085796
4,1000,0.5,GN_conductance,True,False,False,117.82665419578552,0.4642019356899919,0.5026059651604008,0.9464086341644957
5,1000,0.5,GN_conductance,True,False,False,91.74104738235474,0.46517996545509266,0.5024847888200674,0.8480769230769231
6,1000,0.5,GN_conductance,True,False,False,101.78553915023804,0.46361800621450194,0.5045797117732849,0.9177960233455337
7,1000,0.5,GN_conductance,True,False,False,105.04096460342407,0.46309270873577596,0.5076800443866902,0.7926524993547277
8,1000,0.5,GN_conductance,True,False,False,114.39897346496582,0.4623798973019763,0.5060715812594239,0.7864804518190972
9,1000,0.5,GN_conductance,True,False,False,170.4541621208191,0.46185338591304576,0.5005053265357231,0.9609612761045231
0,10000,0.5,GN_conductance,True,False,False,900.5501325130463,0.5036269790147034,0.516719951217599,0.2402963354197804
1,10000,0.5,GN_conductance,True,False,False,928.8689124584198,0.5033432795913745,0.5166724646399292,0.24003736379520527
2,10000,0.5,GN_conductance,True,False,False,890.5038728713989,0.5039353150100183,0.5163852830090787,0.24547616735535693
3,10000,0.5,GN_conductance,True,False,False,897.7123417854309,0.5036376705386484,0.5168764577682283,0.2391905516949968
4,10000,0.5,GN_conductance,True,False,False,900.7002115249634,0.5034839830672637,0.5159403518825914,0.2500815983960087
5,10000,0.5,GN_conductance,True,False,False,903.864988565445,0.5041995862462022,0.5171807359164818,0.23903938891030907
6,10000,0.5,GN_conductance,True,False,False,896.2236933708191,0.503610256555768,0.5164951216476008,0.2411949930301508
7,10000,0.5,GN_conductance,True,False,False,750.7577767372131,0.5042268168029439,0.5168475283502665,0.25062981075167584
8,10000,0.5,GN_conductance,True,False,False,446.77354621887207,0.5040881313184811,0.5166651848730136,0.24647628966023266
9,10000,0.5,GN_conductance,True,False,False,449.84070444107056,0.5037921114013665,0.517613903454955,0.22750280682294696
0,1000,0.6,GN_conductance,True,False,False,85.43702244758606,0.3676680718184028,0.4215353666871696,0.5522603729443336
1,1000,0.6,GN_conductance,True,False,False,41.1080687046051,0.3657758714227909,0.41202415082193267,0.6118846045821129
2,1000,0.6,GN_conductance,True,False,False,55.54306674003601,0.35378675293860656,0.4020722044580989,0.6220375500153893
3,1000,0.6,GN_conductance,True,False,False,92.24347829818726,0.357945820379962,0.4086955639497608,0.6290066416401964
4,1000,0.6,GN_conductance,True,False,False,53.94684982299805,0.36240761054205684,0.4089215759840886,0.6388559221457394
5,1000,0.6,GN_conductance,True,False,False,91.14274263381958,0.35817528341108884,0.4123011154591325,0.4691910713175403
6,1000,0.6,GN_conductance,True,False,False,86.5462601184845,0.3561654338658894,0.40750555301285607,0.4935069058580727
7,1000,0.6,GN_conductance,True,False,False,52.26534128189087,0.35808617916433566,0.403744137123476,0.6700643988779582
8,1000,0.6,GN_conductance,True,False,False,46.53695797920227,0.3638261040963744,0.41064737977942223,0.6642301528358676
9,1000,0.6,GN_conductance,True,False,False,44.43894147872925,0.3577999107054276,0.4145106450149182,0.542743216520245
0,10000,0.6,GN_conductance,True,False,False,345.0488545894623,0.4061023071127505,0.42194536373175084,0.19465641394740807
1,10000,0.6,GN_conductance,True,False,False,355.23780703544617,0.4066246347595238,0.4229009837150578,0.1884147066544313
2,10000,0.6,GN_conductance,True,False,False,342.0493412017822,0.4061017431142277,0.42179205754252225,0.19805159252992727
3,10000,0.6,GN_conductance,True,False,False,359.88254261016846,0.4060691375096823,0.422038348898233,0.20020067484820597
4,10000,0.6,GN_conductance,True,False,False,382.4376690387726,0.40643982342061225,0.423163794205909,0.18948849907916918
5,10000,0.6,GN_conductance,True,False,False,379.31238293647766,0.4060609706413449,0.422090136893293,0.19657358331971328
6,10000,0.6,GN_conductance,True,False,False,358.141446352005,0.4058339345630853,0.42185389216082725,0.19470687267649983
7,10000,0.6,GN_conductance,True,False,False,331.6407287120819,0.4063800947623748,0.42348435322561007,0.1800504585665869
8,10000,0.6,GN_conductance,True,False,False,370.86866068840027,0.4060624469857718,0.4219683795429776,0.19416153228870003
9,10000,0.6,GN_conductance,True,False,False,355.40764689445496,0.4055093938646578,0.42192706492136967,0.19369105887837063
