i,size,mu,method,random,remerge,relative,time,modularity,conductance,jaccard
1000_0.4_0,ERRORException type : KeyboardInterrupt Exception message : Stack trace : ['File : /home/talyasapir2/BioNetworkClustering/YemeniteStep/yemeniteStepTesterLinux.py , Line : 79, Func.Name : run_test, Message : comms = ys.get_communities(G, splitting_func=method, randomized=rnd, remerge=rmrg ,relative=rltv)', 'File : /home/talyasapir2/BioNetworkClustering/YemeniteStep/yemenitestep.py , Line : 408, Func.Name : get_communities, Message : louvain.run()', 'File : /home/talyasapir2/BioNetworkClustering/YemeniteStep/yemenitestep.py , Line : 41, Func.Name : run, Message : self.iterate()', 'File : /home/talyasapir2/BioNetworkClustering/YemeniteStep/yemenitestep.py , Line : 135, Func.Name : iterate, Message : self.split_communities(self.communities, community_map)', 'File : /home/talyasapir2/BioNetworkClustering/YemeniteStep/yemenitestep.py , Line : 209, Func.Name : split_communities, Message : sub_community_map = self.splitting_func(subgraph)', 'File : /home/talyasapir2/BioNetworkClustering/YemeniteStep/splitting_functions.py , Line : 54, Func.Name : girvanNewmanConductance, Message : for comp in comps:', 'File : /home/talyasapir2/.local/lib/python3.9/site-packages/networkx/algorithms/community/centrality.py , Line : 147, Func.Name : girvan_newman, Message : yield _without_most_central_edges(g, most_valuable_edge)', 'File : /home/talyasapir2/.local/lib/python3.9/site-packages/networkx/algorithms/community/centrality.py , Line : 166, Func.Name : _without_most_central_edges, Message : edge = most_valuable_edge(G)', 'File : /home/talyasapir2/.local/lib/python3.9/site-packages/networkx/algorithms/community/centrality.py , Line : 138, Func.Name : most_valuable_edge, Message : betweenness = nx.edge_betweenness_centrality(G)', "File : <class 'networkx.utils.decorators.argmap'> compilation 17 , Line : 4, Func.Name : argmap_edge_betweenness_centrality_14, Message : import inspect", 'File : /home/talyasapir2/.local/lib/python3.9/site-packages/networkx/algorithms/centrality/betweenness.py , Line : 233, Func.Name : edge_betweenness_centrality, Message : betweenness = _accumulate_edges(betweenness, S, P, sigma, s)', 'File : /home/talyasapir2/.local/lib/python3.9/site-packages/networkx/algorithms/centrality/betweenness.py , Line : 353, Func.Name : _accumulate_edges, Message : delta[v] += c']
1000_0.4_1,ERRORException type : KeyboardInterrupt Exception message : Stack trace : ['File : /home/talyasapir2/BioNetworkClustering/YemeniteStep/yemeniteStepTesterLinux.py , Line : 79, Func.Name : run_test, Message : comms = ys.get_communities(G, splitting_func=method, randomized=rnd, remerge=rmrg ,relative=rltv)', 'File : /home/talyasapir2/BioNetworkClustering/YemeniteStep/yemenitestep.py , Line : 408, Func.Name : get_communities, Message : louvain.run()', 'File : /home/talyasapir2/BioNetworkClustering/YemeniteStep/yemenitestep.py , Line : 41, Func.Name : run, Message : self.iterate()', 'File : /home/talyasapir2/BioNetworkClustering/YemeniteStep/yemenitestep.py , Line : 71, Func.Name : iterate, Message : self.tracker.initialize_network_statistics(G)', 'File : /home/talyasapir2/BioNetworkClustering/YemeniteStep/communitytracker.py , Line : 29, Func.Name : initialize_network_statistics, Message : degree = G.degree(node, weight="weight") if (relative_k is None) else relative_k[node]']
1000_0.4_2,ERRORException type : KeyboardInterrupt Exception message : Stack trace : ['File : /home/talyasapir2/BioNetworkClustering/YemeniteStep/yemeniteStepTesterLinux.py , Line : 79, Func.Name : run_test, Message : comms = ys.get_communities(G, splitting_func=method, randomized=rnd, remerge=rmrg ,relative=rltv)', 'File : /home/talyasapir2/BioNetworkClustering/YemeniteStep/yemenitestep.py , Line : 408, Func.Name : get_communities, Message : louvain.run()', 'File : /home/talyasapir2/BioNetworkClustering/YemeniteStep/yemenitestep.py , Line : 41, Func.Name : run, Message : self.iterate()', 'File : /home/talyasapir2/BioNetworkClustering/YemeniteStep/yemenitestep.py , Line : 109, Func.Name : iterate, Message : delta_Q = self.calculate_delta_Q(', 'File : /home/talyasapir2/BioNetworkClustering/YemeniteStep/yemenitestep.py , Line : 279, Func.Name : calculate_delta_Q, Message : k_i = self.tracker.degrees[node]']
3,1000,0.4,GN_conductance,True,True,False,144.84787440299988,0.49360972813111026,0.16312432290940637,0.8077384523095381
4,1000,0.4,GN_conductance,True,True,False,135.82404851913452,0.5236118545251468,0.2291469813880478,0.916286496350365
5,1000,0.4,GN_conductance,True,True,False,118.86841106414795,0.5464367844152003,0.3446068859974588,0.9772677951388888
6,1000,0.4,GN_conductance,True,True,False,168.75410962104797,0.5472633364550828,0.37635192675302886,0.894917220288938
7,1000,0.4,GN_conductance,True,True,False,161.2937593460083,0.5322618014415318,0.26646271476501404,0.910410592808552
8,1000,0.4,GN_conductance,True,True,False,195.09959959983826,0.5361934444485078,0.27385315485257355,0.9311447452568749
9,1000,0.4,GN_conductance,True,True,False,184.43865299224854,0.39864471546880265,0.05738398200240513,0.6257047520423427
0,10000,0.4,GN_conductance,True,True,False,1348.6796309947968,0.6011583862004721,0.5145731226956103,0.2937266211399541
1,10000,0.4,GN_conductance,True,True,False,1358.4085366725922,0.6002995277063657,0.5455338432789154,0.30619429242657975
2,10000,0.4,GN_conductance,True,True,False,1376.5457792282104,0.5979360922019857,0.418609820831344,0.3200483045190961
3,10000,0.4,GN_conductance,True,True,False,1147.0658745765686,0.5998864033161321,0.49577648272603736,0.30698906280040467
4,10000,0.4,GN_conductance,True,True,False,1110.9005134105682,0.5981325431197911,0.4405864695906968,0.3071454471535782
5,10000,0.4,GN_conductance,True,True,False,1113.2302758693695,0.5988533029944006,0.4673949454845414,0.310793532649948
6,10000,0.4,GN_conductance,True,True,False,1161.461279630661,0.6013508562661726,0.6001778759736276,0.3087417850985424
7,10000,0.4,GN_conductance,True,True,False,1091.1303713321686,0.5978308291407899,0.41967255085228583,0.2997064113848963
8,10000,0.4,GN_conductance,True,True,False,1144.6600935459137,0.600370769998908,0.5480286326040136,0.2921017044139326
9,10000,0.4,GN_conductance,True,True,False,1106.2560107707977,0.6009892782481422,0.5486434227434993,0.3097716603702339
0,1000,0.5,GN_conductance,True,True,False,101.18251633644104,0.41663650858229184,0.18737680010779856,0.7999672524833533
1,1000,0.5,GN_conductance,True,True,False,113.47640657424927,0.4647235648907788,0.5122470633960695,0.6552788961419693
2,1000,0.5,GN_conductance,True,True,False,125.02132606506348,0.46166231816900033,0.505487761648862,0.8551275591993771
3,1000,0.5,GN_conductance,True,True,False,88.8050184249878,0.4612554899837488,0.48679179831336505,0.9204453441295547
4,1000,0.5,GN_conductance,True,True,False,94.9223895072937,0.4540375012781295,0.3312852541179109,0.9321069700675209
5,1000,0.5,GN_conductance,True,True,False,89.0172131061554,0.46447770203341643,0.45858149215079613,0.8604224058769513
6,1000,0.5,GN_conductance,True,True,False,143.2996814250946,0.46082631381584294,0.5065864935483426,0.7735707121364093
7,1000,0.5,GN_conductance,True,True,False,115.11565065383911,0.4483234495666797,0.25094924714844546,0.7387633474050161
8,1000,0.5,GN_conductance,True,True,False,119.76393628120422,0.4530426439366467,0.3458453491225024,0.7930556796854054
9,1000,0.5,GN_conductance,True,True,False,145.7217218875885,0.4578207931371636,0.4992224111274861,0.8779601917768415
0,10000,0.5,GN_conductance,True,True,False,898.0312857627869,0.5014386654890048,0.37608865239078604,0.24686638863883778
1,10000,0.5,GN_conductance,True,True,False,934.0690989494324,0.5023148901078857,0.44596173378602266,0.24215459111078616
2,10000,0.5,GN_conductance,True,True,False,888.3163368701935,0.5027126093784072,0.42892532845496023,0.24987908575519266
3,10000,0.5,GN_conductance,True,True,False,926.9914615154266,0.503846586675665,0.516505559741691,0.251879489483669
4,10000,0.5,GN_conductance,True,True,False,901.2187359333038,0.5024696710373517,0.45001840988187947,0.25946526624565147
5,10000,0.5,GN_conductance,True,True,False,907.7293636798859,0.504142506408628,0.5167348771221802,0.24473298980726385
6,10000,0.5,GN_conductance,True,True,False,890.8106679916382,0.5039129561050112,0.5171585885300324,0.2374465417566344
7,10000,0.5,GN_conductance,True,True,False,786.5596380233765,0.5040716862572208,0.5100783470715334,0.25483146200195284
8,10000,0.5,GN_conductance,True,True,False,424.3831310272217,0.5042429452212022,0.5169054730416176,0.23856530105026857
9,10000,0.5,GN_conductance,True,True,False,454.1587815284729,0.5012706359871656,0.3585319564326469,0.24990073352699002
0,1000,0.6,GN_conductance,True,True,False,80.62169408798218,0.3648684998913346,0.42016627804499473,0.5338450317785572
1,1000,0.6,GN_conductance,True,True,False,52.72715950012207,0.36385148414349244,0.3648158907004777,0.579904342544792
2,1000,0.6,GN_conductance,True,True,False,68.15222263336182,0.3573733961718502,0.4110750593434518,0.5832969101973574
3,1000,0.6,GN_conductance,True,True,False,63.4858455657959,0.3592071331340055,0.4052076846631604,0.7277326696315639
4,1000,0.6,GN_conductance,True,True,False,103.70884251594543,0.3442226963412394,0.20187585495375904,0.5972007454105706
5,1000,0.6,GN_conductance,True,True,False,54.66410732269287,0.3564952663572468,0.3595508545766076,0.47658145796629325
6,1000,0.6,GN_conductance,True,True,False,41.62811255455017,0.3607741017657735,0.407045354552368,0.6508704816925599
7,1000,0.6,GN_conductance,True,True,False,159.84738445281982,0.35375773805074107,0.4098982124939584,0.4716463323688214
8,1000,0.6,GN_conductance,True,True,False,68.41964101791382,0.3606661846623237,0.4117847575612278,0.5781047013798672
9,1000,0.6,GN_conductance,True,True,False,103.93854403495789,0.35355793054141427,0.4093373218943117,0.5157100172983173
0,10000,0.6,GN_conductance,True,True,False,351.88029861450195,0.4038531405706734,0.2799575596700029,0.1999947950984022
1,10000,0.6,GN_conductance,True,True,False,352.2739670276642,0.4063241448544929,0.4229131962858831,0.1824967229044523
2,10000,0.6,GN_conductance,True,True,False,356.6546366214752,0.4058686329974424,0.3786025916447737,0.19532633699863278
3,10000,0.6,GN_conductance,True,True,False,356.9388687610626,0.4056833020403577,0.3775472514382743,0.19587426326129667
4,10000,0.6,GN_conductance,True,True,False,373.55728578567505,0.40641230823780455,0.4225528060974346,0.19174734297992072
5,10000,0.6,GN_conductance,True,True,False,348.45511269569397,0.40616789016706023,0.42281408325073777,0.18872202710158384
6,10000,0.6,GN_conductance,True,True,False,345.67070293426514,0.40525231222084296,0.36109945467937166,0.20179329838725105
7,10000,0.6,GN_conductance,True,True,False,341.8231751918793,0.40426256989903847,0.2807970845133342,0.20801836665129428
8,10000,0.6,GN_conductance,True,True,False,358.86348247528076,0.4056870116119942,0.3791794808940534,0.1868249954457524
9,10000,0.6,GN_conductance,True,True,False,346.0059485435486,0.40529038671999157,0.36430228145440846,0.19086574172325976
