i,size,mu,method,random,remerge,relative,time,modularity,conductance,jaccard
0,1000,0.4,GN_modularity,False,False,False,45.661155462265015,0.5619952270317068,0.5992195105568252,0.9746040886841347
1,1000,0.4,GN_modularity,False,False,False,43.074673652648926,0.5621868771257649,0.6023211132806663,0.9063278008298755
2,1000,0.4,GN_modularity,False,False,False,35.14053177833557,0.5636947347478328,0.6017830219528861,0.9279124651362368
3,1000,0.4,GN_modularity,False,False,False,20.164037942886353,0.5642920849167773,0.5991741569170379,1.0
