i,size,mu,method,random,remerge,relative,time,modularity,conductance,jaccard
0,1000,0.4,GN_modularity,False,True,False,46.07119679450989,0.4443514140426842,0.073445487738107,0.6078350271803357
1,1000,0.4,GN_modularity,False,True,False,44.11579751968384,0.5425772747411565,0.3315709222129819,0.8732417138237671
2,1000,0.4,GN_modularity,False,True,False,33.07609224319458,0.40772167796315245,0.06935711216312712,0.5165895953757226
3,1000,0.4,GN_modularity,False,True,False,13.80074167251587,0.5001758142251684,0.173751424272925,0.7660467906418716
