i,size,mu,method,random,remerge,relative,time,modularity,conductance,jaccard
0,1000,0.4,None,True,False,False,0.49549221992492676,0.5619952270317068,0.5992195105568252,0.9746040886841347
1,1000,0.4,None,True,False,False,0.5950872898101807,0.5603987514379418,0.6035615608738225,0.8082705027984644
2,1000,0.4,None,True,False,False,0.5050575733184814,0.5636947347478328,0.6017830219528861,0.9279124651362368
1000_0.4_3,ERRORException type : KeyboardInterrupt Exception message : Stack trace : ['File : /home/talyasapir2/BioNetworkClustering/YemeniteStep/yemeniteStepTesterLinux.py , Line : 84, Func.Name : run_test, Message : write_result(f, i, n, mu, method, rnd, rmrg, rltv, time_, comms, dic, real_comms, G)', 'File : /home/talyasapir2/BioNetworkClustering/YemeniteStep/yemeniteStepTesterLinux.py , Line : 33, Func.Name : write_result, Message : accurary = str(evaluation.jaccard(X, Y))', 'File : /home/talyasapir2/BioNetworkClustering/YemeniteStep/evaluation.py , Line : 73, Func.Name : jaccard, Message : if X[i]==X[j]:']
4,1000,0.4,None,True,False,False,0.6119823455810547,0.5614750999267122,0.5993894051444415,0.9461019692473699
