i,size,mu,method,random,remerge,relative,time,modularity,conductance,jaccard
0,1000,0.4,None,False,False,False,0.4970741271972656,0.5619952270317068,0.5992195105568252,0.9746040886841347
1,1000,0.4,None,False,False,False,0.5621926784515381,0.5628005182067192,0.6017978997093869,0.941740770681757
2,1000,0.4,None,False,False,False,0.36499691009521484,0.5636947347478328,0.6017830219528861,0.9279124651362368
1000_0.4_3,ERRORException type : KeyboardInterrupt Exception message : Stack trace : ['File : /home/talyasapir2/BioNetworkClustering/YemeniteStep/yemeniteStepTesterLinux.py , Line : 84, Func.Name : run_test, Message : write_result(f, i, n, mu, method, rnd, rmrg, rltv, time_, comms, dic, real_comms, G)', 'File : /home/talyasapir2/BioNetworkClustering/YemeniteStep/yemeniteStepTesterLinux.py , Line : 33, Func.Name : write_result, Message : accurary = str(evaluation.jaccard(X, Y))', 'File : /home/talyasapir2/BioNetworkClustering/YemeniteStep/evaluation.py , Line : 82, Func.Name : jaccard, Message : N00+=1']
4,1000,0.4,None,False,False,False,0.4675595760345459,0.5602401606680436,0.5999492857879833,0.9031726411207252
