i,size,mu,method,random,remerge,relative,time,modularity,conductance,jaccard
1000_0.4_0,ERRORException type : KeyboardInterrupt Exception message : Stack trace : ['File : /home/talyasapir2/BioNetworkClustering/YemeniteStep/yemeniteStepTesterLinux.py , Line : 79, Func.Name : run_test, Message : comms = ys.get_communities(G, splitting_func=method, randomized=rnd, remerge=rmrg ,relative=rltv)', 'File : /home/talyasapir2/BioNetworkClustering/YemeniteStep/yemenitestep.py , Line : 408, Func.Name : get_communities, Message : louvain.run()', 'File : /home/talyasapir2/BioNetworkClustering/YemeniteStep/yemenitestep.py , Line : 41, Func.Name : run, Message : self.iterate()', 'File : /home/talyasapir2/BioNetworkClustering/YemeniteStep/yemenitestep.py , Line : 135, Func.Name : iterate, Message : self.split_communities(self.communities, community_map)', 'File : /home/talyasapir2/BioNetworkClustering/YemeniteStep/yemenitestep.py , Line : 209, Func.Name : split_communities, Message : sub_community_map = self.splitting_func(subgraph)', 'File : /home/talyasapir2/BioNetworkClustering/YemeniteStep/splitting_functions.py , Line : 40, Func.Name : girvanNewmanMaxModularity, Message : for comp in comps:', 'File : /home/talyasapir2/.local/lib/python3.9/site-packages/networkx/algorithms/community/centrality.py , Line : 147, Func.Name : girvan_newman, Message : yield _without_most_central_edges(g, most_valuable_edge)', 'File : /home/talyasapir2/.local/lib/python3.9/site-packages/networkx/algorithms/community/centrality.py , Line : 166, Func.Name : _without_most_central_edges, Message : edge = most_valuable_edge(G)', 'File : /home/talyasapir2/.local/lib/python3.9/site-packages/networkx/algorithms/community/centrality.py , Line : 138, Func.Name : most_valuable_edge, Message : betweenness = nx.edge_betweenness_centrality(G)', "File : <class 'networkx.utils.decorators.argmap'> compilation 17 , Line : 4, Func.Name : argmap_edge_betweenness_centrality_14, Message : import inspect", 'File : /home/talyasapir2/.local/lib/python3.9/site-packages/networkx/algorithms/centrality/betweenness.py , Line : 233, Func.Name : edge_betweenness_centrality, Message : betweenness = _accumulate_edges(betweenness, S, P, sigma, s)', 'File : /home/talyasapir2/.local/lib/python3.9/site-packages/networkx/algorithms/centrality/betweenness.py , Line : 353, Func.Name : _accumulate_edges, Message : delta[v] += c']
1000_0.4_1,ERRORException type : KeyboardInterrupt Exception message : Stack trace : ['File : /home/talyasapir2/BioNetworkClustering/YemeniteStep/yemeniteStepTesterLinux.py , Line : 79, Func.Name : run_test, Message : comms = ys.get_communities(G, splitting_func=method, randomized=rnd, remerge=rmrg ,relative=rltv)', 'File : /home/talyasapir2/BioNetworkClustering/YemeniteStep/yemenitestep.py , Line : 408, Func.Name : get_communities, Message : louvain.run()', 'File : /home/talyasapir2/BioNetworkClustering/YemeniteStep/yemenitestep.py , Line : 41, Func.Name : run, Message : self.iterate()', 'File : /home/talyasapir2/BioNetworkClustering/YemeniteStep/yemenitestep.py , Line : 135, Func.Name : iterate, Message : self.split_communities(self.communities, community_map)', 'File : /home/talyasapir2/BioNetworkClustering/YemeniteStep/yemenitestep.py , Line : 209, Func.Name : split_communities, Message : sub_community_map = self.splitting_func(subgraph)', 'File : /home/talyasapir2/BioNetworkClustering/YemeniteStep/splitting_functions.py , Line : 40, Func.Name : girvanNewmanMaxModularity, Message : for comp in comps:', 'File : /home/talyasapir2/.local/lib/python3.9/site-packages/networkx/algorithms/community/centrality.py , Line : 147, Func.Name : girvan_newman, Message : yield _without_most_central_edges(g, most_valuable_edge)', 'File : /home/talyasapir2/.local/lib/python3.9/site-packages/networkx/algorithms/community/centrality.py , Line : 166, Func.Name : _without_most_central_edges, Message : edge = most_valuable_edge(G)', 'File : /home/talyasapir2/.local/lib/python3.9/site-packages/networkx/algorithms/community/centrality.py , Line : 138, Func.Name : most_valuable_edge, Message : betweenness = nx.edge_betweenness_centrality(G)', "File : <class 'networkx.utils.decorators.argmap'> compilation 17 , Line : 4, Func.Name : argmap_edge_betweenness_centrality_14, Message : import inspect", 'File : /home/talyasapir2/.local/lib/python3.9/site-packages/networkx/algorithms/centrality/betweenness.py , Line : 229, Func.Name : edge_betweenness_centrality, Message : S, P, sigma, _ = _single_source_shortest_path_basic(G, s)', 'File : /home/talyasapir2/.local/lib/python3.9/site-packages/networkx/algorithms/centrality/betweenness.py , Line : 271, Func.Name : _single_source_shortest_path_basic, Message : for w in G[v]:']
1000_0.4_2,ERRORException type : KeyboardInterrupt Exception message : Stack trace : ['File : /home/talyasapir2/BioNetworkClustering/YemeniteStep/yemeniteStepTesterLinux.py , Line : 79, Func.Name : run_test, Message : comms = ys.get_communities(G, splitting_func=method, randomized=rnd, remerge=rmrg ,relative=rltv)', 'File : /home/talyasapir2/BioNetworkClustering/YemeniteStep/yemenitestep.py , Line : 408, Func.Name : get_communities, Message : louvain.run()', 'File : /home/talyasapir2/BioNetworkClustering/YemeniteStep/yemenitestep.py , Line : 41, Func.Name : run, Message : self.iterate()', 'File : /home/talyasapir2/BioNetworkClustering/YemeniteStep/yemenitestep.py , Line : 95, Func.Name : iterate, Message : neighbour_communities = self.get_neighbour_communities(', 'File : /home/talyasapir2/BioNetworkClustering/YemeniteStep/yemenitestep.py , Line : 269, Func.Name : get_neighbour_communities, Message : w = G[node][neighbour].get("weight", 1)', 'File : /home/talyasapir2/.local/lib/python3.9/site-packages/networkx/classes/graph.py , Line : 517, Func.Name : __getitem__, Message : return self.adj[n]']
3,1000,0.4,GN_modularity,True,True,False,43.54322695732117,0.4933369231404481,0.16165584275734723,0.7500299940011997
4,1000,0.4,GN_modularity,True,True,False,51.7359459400177,0.44924624289154136,0.12169872242437718,0.599443241571296
5,1000,0.4,GN_modularity,True,True,False,47.92068910598755,0.5130730333875271,0.23541209870800606,0.8116838487972509
6,1000,0.4,GN_modularity,True,True,False,45.41222906112671,0.4384112242485766,0.07626155180891969,0.5795859689476711
7,1000,0.4,GN_modularity,True,True,False,40.2855486869812,0.41558449713527307,0.06296766140515775,0.5475886395426626
8,1000,0.4,GN_modularity,True,True,False,49.04005169868469,0.4973485659883788,0.19282838134702585,0.7455766361117032
9,1000,0.4,GN_modularity,True,True,False,86.86020255088806,0.5114212227111171,0.20888177474854364,0.8116453709930509
