network,method,time,modularity,cunductance,accurary
1000_0.5_5,normal louvain,35.07656908035278,0.46383901435797814,0.5038940984408242,0.7641775357125794
1000_0.5_5,normal louvain,34.846327781677246,0.46677237163345686,0.5025157390448769,0.9130781499202552
1000_0.5_5,split_louvain,80.78142189979553,0.46677237163345686,0.5025157390448769,0.9130781499202552
1000_0.5_5,split_louvain_remerge,68.82873392105103,0.21605957261426836,0.21432632163833565,0.21696818465377418
1000_0.5_5,split_girvan,2431.9343111515045,0.46618056736694813,0.5032792659435594,0.8814472671285605
1000_0.5_5,split_girvan_remerge,2090.531099319458,0.46677237163345686,0.5025157390448769,0.9130781499202552
1000_0.5_5,split_nx.girvan_mod,1009.1258418560028,0.466567832884879,0.5032765147756088,0.8768187288042883
1000_0.5_5,split_nx.girvan_mod_remerge,912.5114719867706,0.33108030403627275,0.06913668068890844,0.46600124766063633
1000_0.5_5,split_nx.girvan_con,2785.0897421836853,0.4661186213459502,0.5045026998597061,0.8297101449275363
1000_0.6_5,normal louvain,70.76024055480957,0.3587382649139898,0.4128164240272436,0.4829727128798932
1000_0.6_5,normal louvain,53.40678262710571,0.3651292456033621,0.4137349882542518,0.611018490451652
1000_0.6_5,split_louvain,101.17248749732971,0.3640923168258492,0.4175249935168358,0.5296157950907151
1000_0.6_5,split_louvain_remerge,114.89473247528076,0.36178996805074864,0.40751464384038694,0.5957141749980625
1000_0.6_5,split_girvan,1541.8158478736877,0.36212408450196504,0.40936111826456245,0.5965826373457973
1000_0.6_5,split_girvan_remerge,1705.9140951633453,0.36054479726533273,0.41168505935286004,0.5102558825547094
1000_0.6_5,split_nx.girvan_mod,786.0885553359985,0.36469820885705007,0.4131077320729223,0.582269685111363
1000_0.6_5,split_nx.girvan_mod_remerge,879.8911001682281,0.34089712465637545,0.16494770395162828,0.5568074748743719
1000_0.6_5,split_nx.girvan_con,3513.1019806861877,0.36632075375133355,0.41606681197147233,0.586765723442223
1000_0.6_0,normal louvain,10.884266376495361,0.36166077758959386,0.4163835588946999,0.46197559233611774
1000_0.6_0,normal louvain,11.957192659378052,0.36067467226304256,0.4184452353217204,0.4684002949947093
1000_0.6_0,split_louvain,26.616503715515137,0.3666470322502437,0.4197881309028756,0.5488537022083348
1000_0.6_0,split_louvain_remerge,27.885440349578857,0.36895534672226293,0.4191712799056553,0.592964824120603
1000_0.6_0,split_girvan,1721.7682075500488,0.36219121482608535,0.4152777640466938,0.5191379310344828
1000_0.6_0,split_girvan_remerge,1818.737916469574,0.3612148257450081,0.4216202079468283,0.4385603204524034
1000_0.6_0,split_nx.girvan_mod,834.133748292923,0.36815211440816087,0.4250392159618295,0.5277512434533417
1000_0.6_0,split_nx.girvan_mod_remerge,1000.9144926071167,0.3470755955888314,0.195985126655286,0.5641607000795545
1000_0.6_0,split_nx.girvan_con,3346.9491715431213,0.36618792688945584,0.41930618115564544,0.5412737098654233
1000_0.5_1,normal louvain,5.624997615814209,0.4652591410308335,0.5125130911660123,0.6764859963731614
1000_0.5_1,normal louvain,7.203507900238037,0.4650707851846184,0.5100646034223661,0.71004344708314
1000_0.5_1,split_louvain,24.55918860435486,0.46611080051294634,0.5106808592543883,0.712067868504772
1000_0.5_1,split_louvain_remerge,29.5260648727417,0.46611080051294634,0.5106808592543883,0.712067868504772
1000_0.5_1,split_girvan,2489.1026079654694,0.46504396780996277,0.5099927752073887,0.706137214487023
1000_0.5_1,split_girvan_remerge,2028.568443775177,0.465437717834389,0.5126310136126242,0.6788935172079104
1000_0.5_1,split_nx.girvan_mod,955.0850069522858,0.46611080051294634,0.5106808592543883,0.712067868504772
1000_0.5_1,split_nx.girvan_mod_remerge,1027.399198770523,0.44178337924083894,0.22594389190148056,0.6162856910436834
1000_0.5_1,split_nx.girvan_con,3005.558628320694,0.46611080051294634,0.5106808592543883,0.712067868504772
1000_0.6_2,normal louvain,14.697169542312622,0.3576553109224818,0.4082676389777201,0.6072388904613643
1000_0.6_2,normal louvain,12.386512756347656,0.35270512895255346,0.40786855809247047,0.49960503129367445
1000_0.6_2,split_louvain,27.863694190979004,0.35994991823558137,0.40148190139675866,0.7278365405038019
1000_0.6_2,split_louvain_remerge,39.43978190422058,0.35457029617265606,0.4092756509984433,0.5334577875052303
1000_0.6_2,split_girvan,3043.7912640571594,0.3502259075965581,0.4107312748799773,0.46202150537634407
1000_0.6_2,split_girvan_remerge,2009.6976699829102,0.35187384099926805,0.40855111882436923,0.4757947656365518
1000_0.6_2,split_nx.girvan_mod,1776.5331587791443,0.3605223639616596,0.4118663264754525,0.6459228242428617
1000_0.6_2,split_nx.girvan_mod_remerge,1057.6664454936981,0.3532947902005119,0.27103718358733997,0.7403746546961326
1000_0.5_7,normal louvain,29.840508937835693,0.46309270873577596,0.5076800443866902,0.7926524993547277
1000_0.5_7,normal louvain,21.899672985076904,0.46051591269319486,0.5088659215732967,0.7240647595095882
1000_0.5_7,split_louvain,75.85954594612122,0.46309270873577596,0.5076800443866902,0.7926524993547277
1000_0.5_7,split_louvain_remerge,79.04748749732971,0.46309270873577596,0.5076800443866902,0.7926524993547277
1000_0.5_7,split_girvan,2389.949300765991,0.4627645701497445,0.5089420234151405,0.7630781995436632
1000_0.5_7,split_girvan_remerge,2477.9069368839264,0.46293324747198145,0.5073502818145021,0.789272688264321
1000_0.5_7,split_nx.girvan_mod,1148.7382380962372,0.46309270873577596,0.5076800443866902,0.7926524993547277
1000_0.5_7,split_nx.girvan_mod_remerge,1043.4264409542084,0.45149614500353535,0.29217895854966425,0.7862622980413395
1000_0.6_1,normal louvain,17.371174812316895,0.35624937702353415,0.4081957208425864,0.5019219240399196
1000_0.6_1,normal louvain,11.64105772972107,0.35665205462440747,0.4156219532799731,0.4461603939928254
1000_0.6_1,split_louvain,30.058414459228516,0.36738882973218,0.4128057093397238,0.6392313119993359
1000_0.6_1,split_louvain_remerge,26.214940071105957,0.36409562307218574,0.4089445220552208,0.6129680515112989
1000_0.6_1,split_girvan,1898.7050185203552,0.35777326921422903,0.41297723266854525,0.4612353462713033
1000_0.6_1,split_girvan_remerge,1489.2781383991241,0.3654544617507041,0.4130501698235908,0.5533535484802541
1000_0.6_1,split_nx.girvan_mod,827.2843358516693,0.3662369373575328,0.4093153670037991,0.6486141812616902
1000_0.6_1,split_nx.girvan_mod_remerge,976.7701888084412,0.3471933652411722,0.20804317643456327,0.5970640453817174
1000_0.5_9,normal louvain,45.585588216781616,0.46185338591304576,0.5005053265357231,0.9609612761045231
1000_0.5_9,normal louvain,43.33933639526367,0.46085593197332786,0.501202796242821,0.8969097409275675
1000_0.5_9,split_louvain,87.10961508750916,0.46006069423200074,0.5000655551767141,0.8974320766900115
1000_0.5_9,split_louvain_remerge,118.91014623641968,0.46185338591304576,0.5005053265357231,0.9609612761045231
1000_0.5_9,split_girvan,2672.551236629486,0.4608110721802081,0.5022445692264694,0.8589332830757633
1000_0.5_9,split_girvan_remerge,3094.5426156520844,0.45855659165260704,0.5021503866309565,0.8307931003011774
1000_0.5_9,split_nx.girvan_mod,1117.3704137802124,0.46185338591304576,0.5005053265357231,0.9609612761045231
1000_0.5_9,split_nx.girvan_mod_remerge,1408.654925584793,0.4294038231402658,0.2262435139271145,0.7633444947803821
1000_0.6_6,normal louvain,27.371105194091797,0.3485262669711783,0.4000008708805648,0.42930037753657385
1000_0.6_6,normal louvain,46.91563439369202,0.35406345358644575,0.4048626668517029,0.5527180247960157
1000_0.6_6,split_louvain,92.98461580276489,0.3596486558697113,0.4114570162878749,0.57159592061742
1000_0.6_6,split_louvain_remerge,128.22257447242737,0.35566257314813865,0.40781942527316506,0.5241270050828437
1000_0.6_6,split_girvan,3266.6216945648193,0.35389693632883246,0.41164965235666473,0.4587375147520221
1000_0.6_6,split_girvan_remerge,2668.5965847969055,0.35656972758877237,0.4085952915960174,0.53541852029293
1000_0.6_6,split_nx.girvan_mod,1356.624963760376,0.35940606884594384,0.4080033343949625,0.5969684765496284
1000_0.6_6,split_nx.girvan_mod_remerge,1476.6225514411926,0.3503359631113067,0.28122123417878875,0.540929951261162
1000_0.5_8,normal louvain,42.37293815612793,0.462256297714207,0.5064564866585524,0.7689410153240305
1000_0.5_8,normal louvain,28.901832103729248,0.46290119415489056,0.5051089291726294,0.8027527035481277
1000_0.5_8,split_louvain,68.18749856948853,0.4628979997993472,0.5050888195939512,0.7994023993221246
1000_0.5_8,split_louvain_remerge,56.57849311828613,0.46219773452924595,0.5067793575108437,0.7486068630326392
1000_0.5_8,split_girvan,2581.7512130737305,0.46290119415489056,0.5051089291726294,0.8027527035481277
1000_0.5_8,split_girvan_remerge,2237.225329875946,0.4626745132207785,0.5049744791294026,0.8001429145638873
1000_0.5_8,split_nx.girvan_mod,1018.9146723747253,0.46235906638553637,0.5061847965830439,0.7698307263766874
1000_0.5_8,split_nx.girvan_mod_remerge,1098.3993029594421,0.44869877673422076,0.3208504280758403,0.7458329658700061
1000_0.5_2,normal louvain,8.343423843383789,0.46166231816900033,0.505487761648862,0.8551275591993771
1000_0.5_2,normal louvain,9.781683683395386,0.46166231816900033,0.505487761648862,0.8551275591993771
1000_0.5_2,split_louvain,23.955417156219482,0.46166231816900033,0.505487761648862,0.8551275591993771
1000_0.5_2,split_louvain_remerge,25.782132148742676,0.4613229309047898,0.5069714647526595,0.7994962861777513
1000_0.5_2,split_girvan,3001.476360797882,0.4612485424252962,0.5053294916335218,0.8413699864803966
1000_0.5_2,split_girvan_remerge,3304.8980042934418,0.4584440479156868,0.5058894159033122,0.7661373055931716
1000_0.5_2,split_nx.girvan_mod,1182.5632977485657,0.46166231816900033,0.505487761648862,0.8551275591993771
1000_0.5_2,split_nx.girvan_mod_remerge,1399.7725327014923,0.43824943951454853,0.22719201234146957,0.7925498975849092
1000_0.5_6,normal louvain,31.944795608520508,0.46361800621450194,0.5045797117732849,0.9177960233455337
1000_0.5_6,normal louvain,47.103142976760864,0.4627085867714664,0.5060264419520961,0.83439003552318
1000_0.5_6,split_louvain,81.68750143051147,0.46310060631032873,0.5057795557666269,0.8562990309183203
1000_0.5_6,split_louvain_remerge,85.20579195022583,0.459544782664233,0.50136257332507,0.8750852909640315
1000_0.5_6,split_girvan,2613.391315460205,0.46361800621450194,0.5045797117732849,0.9177960233455337
1000_0.5_6,split_girvan_remerge,2358.8340175151825,0.46361800621450194,0.5045797117732849,0.9177960233455337
1000_0.5_6,split_nx.girvan_mod,1108.3924391269684,0.46322955556158535,0.5041196570771423,0.9221747341218567
1000_0.5_6,split_nx.girvan_mod_remerge,1035.989313840866,0.32423853080495973,0.08646362443479594,0.44309118344470794
1000_0.5_4,normal louvain,21.937615394592285,0.4609636228251879,0.5040472388578976,0.767648454008366
1000_0.5_4,normal louvain,31.27414083480835,0.4640652595172212,0.5039217439961858,0.8950173462718085
1000_0.5_4,split_louvain,97.96268343925476,0.4642019356899919,0.5026059651604008,0.9464086341644957
1000_0.5_4,split_louvain_remerge,75.65686178207397,0.46296264024265227,0.503637179344949,0.8818924944265544
1000_0.5_4,split_girvan,2460.654946565628,0.46307546142459677,0.5030568759066376,0.9037416865512514
1000_0.5_4,split_girvan_remerge,2747.591257572174,0.4618124736146425,0.5050394592991212,0.7901091557139674
1000_0.5_4,split_nx.girvan_mod,1161.7683656215668,0.4642019356899919,0.5026059651604008,0.9464086341644957
1000_0.5_4,split_nx.girvan_mod_remerge,1001.0758044719696,0.41450037472107765,0.1886066821634571,0.7360837896751555
1000_0.5_3,normal louvain,25.97097945213318,0.4624050720765433,0.5023450499190378,0.9287961835160373
1000_0.5_3,normal louvain,37.56653928756714,0.454058919003578,0.5030805993499643,0.7087240917329971
1000_0.5_3,split_louvain,90.8984625339508,0.46125479249716933,0.5012975363192487,0.9134721802998289
1000_0.5_3,split_louvain_remerge,84.21936321258545,0.46252123703315123,0.502435058190183,0.9324049603577963
1000_0.5_3,split_girvan,2559.203869819641,0.4615296786463394,0.5031640393887062,0.8565076987878504
1000_0.5_3,split_girvan_remerge,2556.9711620807648,0.46200837419585533,0.5022184509452208,0.9156518267119186
1000_0.5_3,split_nx.girvan_mod,1139.3615469932556,0.4615149167728439,0.505285366282626,0.8259871234973661
1000_0.5_3,split_nx.girvan_mod_remerge,1221.560133934021,0.4494164196672413,0.36298403710905924,0.8335499398315283
1000_0.4_1,normal louvain,9.125000238418579,0.5628005182067192,0.6017978997093869,0.941740770681757
1000_0.4_1,normal louvain,5.733232498168945,0.5628005182067192,0.6017978997093869,0.941740770681757
1000_0.4_1,split_louvain,22.006500482559204,0.5628005182067192,0.6017978997093869,0.941740770681757
1000_0.4_1,split_louvain_remerge,25.86985158920288,0.25010682733826944,0.2434388134991301,0.22999885544237153
1000_0.4_1,split_girvan,3460.4415283203125,0.5628005182067192,0.6017978997093869,0.941740770681757
1000_0.4_1,split_girvan_remerge,3088.495379447937,0.5625431279866132,0.6015970946211115,0.9370463953550885
1000_0.4_1,split_nx.girvan_mod,1177.7809174060822,0.5628005182067192,0.6017978997093869,0.941740770681757
1000_0.4_1,split_nx.girvan_mod_remerge,1871.6358850002289,0.550091573380147,0.4503443023616974,0.8200442151805453
1000_0.5_0,normal louvain,9.127517223358154,0.4605668506838148,0.503333241248006,0.8572299324831207
1000_0.5_0,normal louvain,7.640625,0.459835032830088,0.5046650884710795,0.8123974637520507
1000_0.5_0,split_louvain,26.05545973777771,0.46175417974898675,0.502541458793786,0.9067607173016741
1000_0.5_0,split_louvain_remerge,21.392915964126587,0.221550462812552,0.21848016702757356,0.21214932867590874
1000_0.5_0,split_girvan,2479.582930088043,0.46150452183985663,0.5023294515342167,0.9101140381455107
1000_0.5_0,split_girvan_remerge,2299.2010629177094,0.4620521610378648,0.5028877498541485,0.9144996256551036
1000_0.5_0,split_nx.girvan_mod,1021.8580574989319,0.4620521610378648,0.5028877498541485,0.9144996256551036
1000_0.5_0,split_nx.girvan_mod_remerge,947.6376881599426,0.42628157168283276,0.22870563807948252,0.7701522335912153
1000_0.4_4,normal louvain,27.994900226593018,0.5621092222102126,0.5988024312174332,1.0
1000_0.4_4,normal louvain,29.466686010360718,0.5615943518080442,0.5994361186861732,0.9609293659926571
1000_0.4_4,split_louvain,79.53400087356567,0.5621092222102126,0.5988024312174332,1.0
1000_0.4_4,split_louvain_remerge,70.40649437904358,0.27857456120952934,0.24624286817347918,0.31483804744525545
1000_0.4_4,split_girvan,3472.8138740062714,0.5616300572560051,0.599355205680687,0.944420508401551
1000_0.4_4,split_girvan_remerge,3046.262495994568,0.5621092222102126,0.5988024312174332,1.0
1000_0.4_4,split_nx.girvan_mod,1361.5697484016418,0.5621092222102126,0.5988024312174332,1.0
1000_0.4_4,split_nx.girvan_mod_remerge,1452.6175425052643,0.4426213091695544,0.1354423997663564,0.6183850364963503
1000_0.4_3,normal louvain,14.011865615844727,0.5638961377587905,0.5995266258580203,0.9730329208498716
1000_0.4_3,normal louvain,22.45202922821045,0.5642920849167773,0.5991741569170379,1.0
1000_0.4_3,split_louvain,87.98324370384216,0.5642920849167773,0.5991741569170379,1.0
1000_0.4_3,split_louvain_remerge,61.40649127960205,0.5642920849167773,0.5991741569170379,1.0
1000_0.4_3,split_girvan,3205.224684238434,0.5642920849167773,0.5991741569170379,1.0
1000_0.4_3,split_girvan_remerge,3140.003135919571,0.5625752006658521,0.5996370189339009,0.937570303712036
1000_0.4_3,split_nx.girvan_mod,1138.311589717865,0.5642920849167773,0.5991741569170379,1.0
1000_0.4_3,split_nx.girvan_mod_remerge,1523.1058900356293,0.5038802460434167,0.18209304721495256,0.7759448110377924
1000_0.6_8,normal louvain,58.10566186904907,0.36134122263465895,0.4147753898099318,0.5751589541328075
1000_0.6_8,normal louvain,54.31267547607422,0.35607834806676514,0.4118985996626009,0.5047616083654923
1000_0.6_8,split_louvain,87.12561297416687,0.3638198761364784,0.4114738406404743,0.6380210303351237
1000_0.6_8,split_louvain_remerge,122.92770075798035,0.3637274422795659,0.4151571402047025,0.6334686117509415
1000_0.6_8,split_girvan,3717.686194419861,0.35101141406160713,0.41844586021977626,0.39535170914838963
1000_0.6_8,split_girvan_remerge,3386.2195653915405,0.35748201593761436,0.41104014987520276,0.49659571857940255
1000_0.6_8,split_nx.girvan_mod,1581.274806022644,0.3646987804130661,0.4133958675951186,0.6633743585786489
1000_0.6_9,normal louvain,58.16773843765259,0.35171657822531577,0.4132294828911345,0.4543698147516763
1000_0.6_9,normal louvain,59.562671422958374,0.3569122528843866,0.4132251730108386,0.5100369866911137
1000_0.6_9,split_louvain,92.0474853515625,0.35831474478888314,0.40925497043244685,0.6278308727827154
1000_0.6_9,split_louvain_remerge,145.75603723526,0.36325986514535724,0.4109112283113583,0.6988658738284634
1000_0.6_9,split_girvan,3376.483162879944,0.3551496246591854,0.4218395375158066,0.4588068181818182
1000_0.6_9,split_girvan_remerge,4294.767206192017,0.3527826761360814,0.41567166403586797,0.43626093096518387
1000_0.6_9,split_nx.girvan_mod,1502.7595596313477,0.36170601147024106,0.41162563227528404,0.6421502976190476
1000_0.4_9,normal louvain,36.35688877105713,0.5620488768031379,0.5999479369250511,0.9741089441829186
1000_0.4_9,normal louvain,23.453619480133057,0.5620488768031379,0.5999479369250511,0.9741089441829186
1000_0.4_9,split_louvain,72.26579880714417,0.5620488768031379,0.5999479369250511,0.9741089441829186
1000_0.4_9,split_louvain_remerge,54.547486782073975,0.24944837179139762,0.24261715661980443,0.23961569439650213
1000_0.4_9,split_girvan,3457.532624721527,0.5620488768031379,0.5999479369250511,0.9741089441829186
1000_0.4_9,split_girvan_remerge,3345.7616040706635,0.5620488768031379,0.5999479369250511,0.9741089441829186
1000_0.4_9,split_nx.girvan_mod,1529.859163761139,0.5620113455336067,0.6009880246098501,0.9390092377505267
1000_0.6_3,normal louvain,27.198976039886475,0.35509915005276455,0.4109684930477946,0.5483313048491448
1000_0.6_3,normal louvain,56.11276388168335,0.35899634052605833,0.4162765127092066,0.5557077625570777
1000_0.6_3,split_louvain,99.08933591842651,0.36084376257646944,0.4142072555676639,0.6242273146408934
1000_0.6_3,split_louvain_remerge,68.5631115436554,0.35906604054549696,0.41324055376019,0.6161126106119102
1000_0.6_3,split_girvan,3367.9851944446564,0.3542584812918939,0.4123319959386117,0.569244113206335
1000_0.6_3,split_girvan_remerge,3661.220325231552,0.3586141628193775,0.41200520966932785,0.5664890201618081
1000_0.6_3,split_nx.girvan_mod,1178.8330190181732,0.3617499701615885,0.41242228351187826,0.6999435772051908
1000_0.4_0,normal louvain,6.156633138656616,0.5563962325845984,0.6003252912660804,0.8221520524653875
1000_0.4_0,normal louvain,5.082689523696899,0.5619952270317068,0.5992195105568252,0.9746040886841347
1000_0.4_0,split_louvain,21.172616004943848,0.5619952270317068,0.5992195105568252,0.9746040886841347
1000_0.4_0,split_louvain_remerge,25.33001184463501,0.5619952270317068,0.5992195105568252,0.9746040886841347
1000_0.4_0,split_girvan,3785.9501016139984,0.5608105518406186,0.6000383859836964,0.9069181715878034
1000_0.4_0,split_girvan_remerge,3421.8394691944122,0.5619952270317068,0.5992195105568252,0.9746040886841347
1000_0.4_0,split_nx.girvan_mod,1369.1786863803864,0.5619952270317068,0.5992195105568252,0.9746040886841347
1000_0.6_7,normal louvain,57.68580150604248,0.355728798281781,0.4089820931691701,0.529413666041761
1000_0.6_7,normal louvain,57.203810930252075,0.3617750253907464,0.4175505084105582,0.5268323175496171
1000_0.6_7,split_louvain,86.87561082839966,0.3551999071173774,0.40861205126864397,0.5698444110822983
1000_0.6_7,split_louvain_remerge,111.4728593826294,0.36266424061473396,0.4107347124827745,0.6331162859139904
1000_0.6_7,split_girvan,2473.480915784836,0.3550644903736965,0.4131136721082892,0.512161201594709
1000_0.6_7,split_girvan_remerge,4496.148032426834,0.34441903144947544,0.4087665938595647,0.3964664674976821
1000_0.6_7,split_nx.girvan_mod,1288.3093996047974,0.36260060116305903,0.41016033649134986,0.6863964764517251
1000_0.4_2,normal louvain,10.933918237686157,0.563533924844422,0.6029726480138626,0.8676028084252758
1000_0.4_2,normal louvain,9.953123092651367,0.5631306279161857,0.6013702274525643,0.9309083082221266
1000_0.4_2,split_louvain,25.94798254966736,0.5636947347478328,0.6017830219528861,0.9279124651362368
1000_0.4_2,split_louvain_remerge,31.645142078399658,0.5636947347478328,0.6017830219528861,0.9279124651362368
1000_0.4_2,split_girvan,3828.188380718231,0.5629114608143032,0.6028807347268095,0.8742672326662624
1000_0.4_2,split_girvan_remerge,3565.2989253997803,0.5636947347478328,0.6017830219528861,0.9279124651362368
1000_0.4_2,split_nx.girvan_mod,1516.1991503238678,0.5636947347478328,0.6017830219528861,0.9279124651362368
1000_0.6_4,normal louvain,35.061360120773315,0.36306841856534305,0.40814697916261833,0.7070946948814724
1000_0.6_4,normal louvain,43.44430065155029,0.3612420800701718,0.4112141273607888,0.6027637639833296
1000_0.6_4,split_louvain,105.937917470932,0.36247632695388254,0.4071235885025748,0.6858669096028821
1000_0.6_4,split_louvain_remerge,120.925696849823,0.35950727732640536,0.408792193213261,0.5948519173597261
1000_0.6_4,split_girvan,4985.83931517601,0.351584541510777,0.4126259581467888,0.4390604982206406
1000_0.6_4,split_girvan_remerge,2750.100522041321,0.3549834118904844,0.40878816484227465,0.5144630872483221
1000_0.6_4,split_nx.girvan_mod,1432.3184792995453,0.3635624984486321,0.41190672050761223,0.6509367681498829
1000_0.4_6,normal louvain,26.77098035812378,0.5641436563870077,0.6034993823455272,0.9169039333544237
1000_0.4_6,normal louvain,22.13987159729004,0.5641436563870077,0.6034993823455272,0.9169039333544237
1000_0.4_6,split_louvain,80.1880087852478,0.5641436563870077,0.6034993823455272,0.9169039333544237
1000_0.4_6,split_louvain_remerge,75.37542533874512,0.27615495849575644,0.24948120518182826,0.33283496262219664
1000_0.4_6,split_girvan,3352.717939853668,0.5641436563870077,0.6034993823455272,0.9169039333544237
1000_0.4_6,split_girvan_remerge,3240.993641138077,0.5641436563870077,0.6034993823455272,0.9169039333544237
1000_0.4_6,split_nx.girvan_mod,1379.4689671993256,0.5641436563870077,0.6034993823455272,0.9169039333544237
1000_0.4_7,normal louvain,33.033761739730835,0.5654622111999695,0.6011835120073565,0.9445114595898673
1000_0.4_7,normal louvain,24.993252277374268,0.5651256345075836,0.6008617378280459,0.961916461916462
1000_0.4_7,split_louvain,89.922043800354,0.5654622111999695,0.6011835120073565,0.9445114595898673
1000_0.4_7,split_louvain_remerge,111.69088816642761,0.5654622111999695,0.6011835120073565,0.9445114595898673
1000_0.4_7,split_girvan,3481.2521607875824,0.5654622111999695,0.6011835120073565,0.9445114595898673
1000_0.4_7,split_girvan_remerge,3284.073169708252,0.5647458183473036,0.6016991571479975,0.9001478075217606
1000_0.4_7,split_nx.girvan_mod,1615.6632242202759,0.5654622111999695,0.6011835120073565,0.9445114595898673
1000_0.4_5,normal louvain,19.756385326385498,0.5612755675849941,0.600472937419764,0.9744647105471848
1000_0.4_5,normal louvain,31.63856029510498,0.5612755675849941,0.600472937419764,0.9744647105471848
1000_0.4_5,split_louvain,81.80099844932556,0.5612755675849941,0.600472937419764,0.9744647105471848
1000_0.4_5,split_louvain_remerge,64.64086985588074,0.5612755675849941,0.600472937419764,0.9744647105471848
1000_0.4_5,split_girvan,4019.9213004112244,0.5612755675849941,0.600472937419764,0.9744647105471848
1000_0.4_5,split_girvan_remerge,3751.550763130188,0.5612106698551749,0.6017091693051084,0.9152390883360644
1000_0.4_5,split_nx.girvan_mod,1826.1315293312073,0.5612755675849941,0.600472937419764,0.9744647105471848
1000_0.4_8,normal louvain,36.80978846549988,0.5603101346519636,0.6013677091733896,0.9738426406477061
1000_0.4_8,normal louvain,31.62549591064453,0.5605657083519446,0.6011372948994592,1.0
1000_0.4_8,split_louvain,85.26586699485779,0.5605657083519446,0.6011372948994592,1.0
1000_0.4_8,split_louvain_remerge,85.3620433807373,0.5605657083519446,0.6011372948994592,1.0
1000_0.4_8,split_girvan,3647.803584575653,0.560224352539276,0.601485324179205,0.9678151433876625
1000_0.4_8,split_girvan_remerge,3717.417495250702,0.5605657083519446,0.6011372948994592,1.0
1000_0.4_8,split_nx.girvan_mod,1765.535549402237,0.5605657083519446,0.6011372948994592,1.0
10000_0.6_4,normal louvain,698.5534937381744,0.40631462729263257,0.4217662065312303,0.2057556655252937
10000_0.6_4,normal louvain,527.4653882980347,0.40646324008837637,0.42264322310572155,0.19498094968215052
10000_0.6_4,split_louvain,1156.4733130931854,0.40635846227818523,0.4221877083016763,0.19820377862078942
10000_0.6_4,split_louvain_remerge,1126.8144373893738,0.4066106416629409,0.42263282135106084,0.19613975845811768
10000_0.6_0,normal louvain,238.38944005966187,0.4061188568490588,0.4237861110194642,0.17811019418087956
10000_0.6_0,normal louvain,590.3875827789307,0.40596719662435105,0.4222332420536923,0.19271295455762105
10000_0.6_0,split_louvain,1111.4641134738922,0.4063264751117446,0.4224449374059893,0.18579097898704477
10000_0.6_0,split_louvain_remerge,1019.6699922084808,0.40626010547336133,0.4224863458590554,0.19566970884832904
10000_0.6_5,normal louvain,602.1926643848419,0.4061763762292866,0.42247637446713926,0.18452069346942798
10000_0.6_5,normal louvain,528.6221442222595,0.4058049958798838,0.42159333587955383,0.19887738806411545
10000_0.6_5,split_louvain,948.7207338809967,0.4062367088118528,0.42240146985868576,0.19349755710153055
10000_0.6_5,split_louvain_remerge,1115.7012085914612,0.4061911323849346,0.42323105194846977,0.17916582849321425
10000_0.6_1,normal louvain,260.78621077537537,0.40672264310627554,0.4221791498652484,0.19674550676908395
10000_0.6_1,normal louvain,592.5420897006989,0.4067305716768582,0.4225705984131011,0.1918714328970446
10000_0.6_1,split_louvain,1068.8044545650482,0.40682969400879965,0.4229684844215804,0.18590200142001242
10000_0.6_1,split_louvain_remerge,1057.362592458725,0.4068492301526317,0.42246924043313006,0.1963124594703542
10000_0.6_7,normal louvain,757.8943798542023,0.40643997489872996,0.42219352849031966,0.19437877072806414
10000_0.6_7,normal louvain,713.3627140522003,0.4066258241718216,0.4223953709694106,0.1902935933516387
10000_0.6_7,split_louvain,1160.471697807312,0.40694892274966665,0.4233573696968005,0.18354502160927133
10000_0.6_7,split_louvain_remerge,1288.46741771698,0.40674191521591163,0.42230384803776966,0.19460722051948387
10000_0.4_3,normal louvain,410.83439445495605,0.6021447230240291,0.6128373940883075,0.29435874902809556
10000_0.4_3,normal louvain,447.23026490211487,0.6021382058876644,0.6126875628725867,0.30545348975967884
10000_0.4_3,split_louvain,882.0801239013672,0.6021161939226745,0.6122737542892542,0.31101789587459105
10000_0.4_3,split_louvain_remerge,920.6143155097961,0.6022597168409944,0.6125360232726769,0.30915482167160896
10000_0.4_1,normal louvain,169.57122826576233,0.6017221874452133,0.6113346836916317,0.3148579421798444
10000_0.4_1,normal louvain,591.7102239131927,0.6016426237290252,0.6115607864075273,0.30684712480942944
10000_0.4_1,split_louvain,1079.9788060188293,0.6017976540909918,0.6126399004317273,0.29211666235223055
10000_0.4_1,split_louvain_remerge,1079.6379368305206,0.6017403244743224,0.6118135203671322,0.3108622830151256
10000_0.5_1,normal louvain,162.14457392692566,0.5034490654500565,0.5161754753792145,0.2495593835414584
10000_0.5_1,normal louvain,770.9925887584686,0.5036322075127119,0.5161773647590921,0.25788941752892053
10000_0.5_1,split_louvain,1390.3326361179352,0.5036366296983573,0.5160764539303465,0.25803888179367107
10000_0.5_1,split_louvain_remerge,1184.2077689170837,0.5037519538055755,0.5168432835929503,0.2417706070716797
10000_0.6_2,normal louvain,726.3364984989166,0.4057309172464973,0.4223209485687821,0.18777448031354146
10000_0.6_2,normal louvain,548.5911333560944,0.40621681358668044,0.42272025337386687,0.18580018378779578
10000_0.6_2,split_louvain,1002.4610710144043,0.4064358911563394,0.423259420456068,0.18049602650287136
10000_0.6_2,split_louvain_remerge,1049.371562242508,0.40650052921492713,0.422364903412938,0.1930080776630418
10000_0.4_8,normal louvain,436.39336252212524,0.6018052559489253,0.6120777880454278,0.30128688622979777
10000_0.4_8,normal louvain,416.22980427742004,0.6018198553158228,0.6121209614025891,0.29404030248721424
10000_0.4_8,split_louvain,866.9857494831085,0.601838923077358,0.6118611825623678,0.30167927483168683
10000_0.4_8,split_louvain_remerge,1013.4228060245514,0.6017800637063645,0.611788298473845,0.31022797288971043
10000_0.6_6,normal louvain,715.6817243099213,0.4057824391809644,0.42180421273181856,0.1953073291649966
10000_0.6_6,normal louvain,581.6088945865631,0.4062565694988162,0.422362025158159,0.19632335037740442
10000_0.6_6,split_louvain,953.0843291282654,0.40623852170448266,0.42143396709876324,0.2041250698633569
10000_0.6_6,split_louvain_remerge,1014.5541203022003,0.4061882526975037,0.4222113439135393,0.18902145782585453
10000_0.5_0,normal louvain,195.71273183822632,0.5039049479398541,0.5166022629130713,0.2494848728332213
10000_0.5_0,normal louvain,503.8534460067749,0.5040992498587378,0.5166101028168069,0.24794640062144208
10000_0.5_0,split_louvain,1076.4450623989105,0.5041215092651271,0.516973639272574,0.24231708630137763
10000_0.5_0,split_louvain_remerge,1093.1920185089111,0.503963966700142,0.5172720107433243,0.23123094306165257
10000_0.5_3,normal louvain,582.6617250442505,0.5039537458077423,0.5169044122827899,0.24600776433368565
10000_0.5_3,normal louvain,528.2019689083099,0.5037419919761547,0.5163235398084688,0.25519193806568324
10000_0.5_3,split_louvain,1129.2119596004486,0.5040509362497931,0.5172718919733574,0.24110063065456236
10000_0.5_3,split_louvain_remerge,1242.262122631073,0.5041162890244245,0.5168945233766808,0.2474496125372893
10000_0.6_3,normal louvain,742.134037733078,0.40610526438204125,0.4222843077375268,0.197278526228663
10000_0.6_3,normal louvain,566.3274524211884,0.40576568845647615,0.4219544523355835,0.1949767439733276
10000_0.6_3,split_louvain,1049.578221321106,0.4061147708632729,0.4223357705952132,0.19113446652070157
10000_0.6_3,split_louvain_remerge,1003.7089779376984,0.40580887280139327,0.42155615638969035,0.1987814263724987
10000_0.5_5,normal louvain,670.2097988128662,0.5045840506774268,0.5173626481549766,0.24714990358852884
10000_0.5_5,normal louvain,410.1825258731842,0.5044073756079267,0.5179572047473375,0.22868054877877605
10000_0.5_5,split_louvain,1002.7110302448273,0.5044246845006728,0.517370011535226,0.24052320112705047
10000_0.5_5,split_louvain_remerge,1066.9050097465515,0.5044009271370059,0.5170087922378639,0.2436708770630705
10000_0.4_2,normal louvain,151.68328428268433,0.6019500927511168,0.6123869956364747,0.30457356243607897
10000_0.4_2,normal louvain,687.4367761611938,0.6020941714423385,0.6123478455279923,0.29322926248105613
10000_0.4_2,split_louvain,940.1060860157013,0.6019083009623595,0.6122933062648028,0.29943606937491724
10000_0.4_2,split_louvain_remerge,970.448212146759,0.6020518815639374,0.6123863784407086,0.2997433560008668
10000_0.4_4,normal louvain,464.2140107154846,0.6016138464788805,0.6115602914849891,0.3207678067064293
10000_0.4_4,normal louvain,370.33722853660583,0.6015910354405721,0.6119878147919378,0.2951754125141236
10000_0.4_4,split_louvain,893.2051439285278,0.6016719428325027,0.6121204226715438,0.30517390408060674
10000_0.4_4,split_louvain_remerge,958.9126577377319,0.6018082142057719,0.6125158912005622,0.29557658828433414
10000_0.4_5,normal louvain,396.8759706020355,0.6019740829733627,0.6116299290326521,0.31784962915919646
10000_0.4_5,normal louvain,377.3196129798889,0.6019442229099548,0.6125697688346918,0.30088031041405094
10000_0.4_5,split_louvain,975.4878211021423,0.6020005507577638,0.6122252061950342,0.3089934910014096
10000_0.4_5,split_louvain_remerge,994.0438406467438,0.6019763104851048,0.6122753736763482,0.30247127072020197
10000_0.4_6,normal louvain,464.57938623428345,0.6019009367966218,0.6124019753850451,0.3057306342156817
10000_0.4_6,normal louvain,326.63190269470215,0.6017953637275134,0.6121254024840426,0.3106462456605973
10000_0.4_6,split_louvain,860.5333244800568,0.6018348521321236,0.6117877128006113,0.31587962195015123
10000_0.4_6,split_louvain_remerge,966.9636399745941,0.6019039239348524,0.6126276739651475,0.3007486642403249
10000_0.4_7,normal louvain,525.2809431552887,0.6022167335138832,0.6119280080779419,0.31556753425595535
10000_0.4_7,normal louvain,344.8991940021515,0.6024119820529314,0.6126768348735296,0.29439404075157793
10000_0.4_7,split_louvain,872.4545984268188,0.6023906188529617,0.6127511409151839,0.29826390699129346
10000_0.4_7,split_louvain_remerge,890.9541461467743,0.6022936350933059,0.6127086187732866,0.2903316715912114
10000_0.4_9,normal louvain,485.34142994880676,0.6020690140883356,0.6127678382230752,0.30086347376258826
10000_0.4_9,normal louvain,402.3073832988739,0.6020415009718982,0.6128771064747147,0.29414963575301745
10000_0.4_9,split_louvain,906.0965158939362,0.6020511625241544,0.6118650681519728,0.3235345264143552
10000_0.4_9,split_louvain_remerge,993.6219663619995,0.6020649842565864,0.6123096860929349,0.2988406738494994
10000_0.5_6,normal louvain,540.0337693691254,0.5040343461796647,0.5165878759790463,0.2543519270261235
10000_0.5_6,normal louvain,544.4985435009003,0.5039068033914461,0.5164585781648982,0.24943914935090591
10000_0.5_6,split_louvain,1096.4290630817413,0.504007312769259,0.5163520672140476,0.2536493308567891
10000_0.5_6,split_louvain_remerge,1198.3203320503235,0.5041038320146437,0.5172871169291804,0.24429888994790136
10000_0.5_7,normal louvain,581.1510057449341,0.5042209352914059,0.5170572147085646,0.2503792613368291
10000_0.5_7,normal louvain,525.3873901367188,0.5042979028135095,0.5165166726180771,0.25649058118616097
10000_0.5_7,split_louvain,973.8833198547363,0.5043466304730991,0.5176524060334986,0.24750461497417478
10000_0.5_7,split_louvain_remerge,962.0345647335052,0.5043933024313414,0.5176176668024857,0.23888016745159601
10000_0.6_8,normal louvain,719.9219136238098,0.4057443846290625,0.42137926359905586,0.19983127702203943
10000_0.6_8,normal louvain,603.9677214622498,0.406058474442234,0.4216027842894108,0.19725363286501998
10000_0.6_8,split_louvain,970.168023109436,0.40603456086982104,0.423265154840616,0.18317538387079313
10000_0.6_8,split_louvain_remerge,1129.814649105072,0.4062876794818875,0.4227192337595018,0.19151978926309657
10000_0.5_8,normal louvain,575.5837438106537,0.504346181877329,0.5163581134980746,0.2545800611336768
10000_0.5_8,normal louvain,406.99414563179016,0.5044612392422122,0.5167649405134807,0.23976175747025566
10000_0.5_8,split_louvain,852.8759398460388,0.5044717198777517,0.5167823218747493,0.2486252629380436
10000_0.5_8,split_louvain_remerge,885.2985861301422,0.5046307650427269,0.5172525772732781,0.24393621147695754
10000_0.4_0,normal louvain,122.71108627319336,0.6026711060025722,0.6131430127504907,0.3019206294110841
10000_0.4_0,normal louvain,472.55502128601074,0.6026982493267866,0.6130661426520051,0.2940141929873052
10000_0.4_0,split_louvain,926.6238715648651,0.6027663083172722,0.6130774428702539,0.2965514669716088
10000_0.4_0,split_louvain_remerge,948.9563550949097,0.6027602419164504,0.6128088290041398,0.302207456385591
10000_0.5_9,normal louvain,548.9994897842407,0.5038525570523215,0.516597945851972,0.24692178870165457
10000_0.5_9,normal louvain,492.91775465011597,0.50405159464545,0.5174672032569113,0.23191052931948575
10000_0.5_9,split_louvain,896.6410119533539,0.5041506538422706,0.5170488242854407,0.2422842839901953
10000_0.5_9,split_louvain_remerge,1019.7090163230896,0.50407094598282,0.5170958789017148,0.23563760946175352
10000_0.6_9,normal louvain,796.2857904434204,0.4055445092758871,0.4209395489709915,0.19992359077069127
10000_0.6_9,normal louvain,694.049745798111,0.4057396547595587,0.4217861122028955,0.19311330604861
10000_0.6_9,split_louvain,1422.3004806041718,0.40606518104834,0.4225176550613168,0.19180218756239878
10000_0.6_9,split_louvain_remerge,1187.3767683506012,0.4059200040795088,0.42200883615341467,0.1924719917971007
10000_0.5_2,normal louvain,197.09648776054382,0.5041392320794504,0.5173081665175997,0.23873341012882748
10000_0.5_2,normal louvain,479.0248372554779,0.5042495732005426,0.517355307479781,0.24066466690633476
10000_0.5_2,split_louvain,862.2949779033661,0.5042287389077269,0.517510411966343,0.233448425579424
10000_0.5_2,split_louvain_remerge,988.6951456069946,0.5042054925536508,0.5175993595625836,0.232281423575396
10000_0.5_4,normal louvain,473.83745861053467,0.5039304053500447,0.5167649580840926,0.2467819183362338
10000_0.5_4,normal louvain,509.9342224597931,0.5038503165900796,0.5162242546292023,0.256217857974806
10000_0.5_4,split_louvain,962.6757435798645,0.5040028299761213,0.5168272243059193,0.24560881299854317
10000_0.5_4,split_louvain_remerge,967.48615193367,0.5041498218342582,0.517585593086846,0.23528573093242122
