i,size,mu,method,random,remerge,relative,time,modularity,conductance,jaccard
0,1000,0.4,Louvain,False,True,False,1.4906487464904785,0.2491603083757821,0.24485613601428113,0.245804774285039
1000_0.4_1,ERRORException type : KeyboardInterrupt Exception message : Stack trace : ['File : /home/talyasapir2/BioNetworkClustering/YemeniteStep/yemeniteStepTesterLinux.py , Line : 84, Func.Name : run_test, Message : write_result(f, i, n, mu, method, rnd, rmrg, rltv, time_, comms, dic, real_comms, G)', 'File : /home/talyasapir2/BioNetworkClustering/YemeniteStep/yemeniteStepTesterLinux.py , Line : 33, Func.Name : write_result, Message : accurary = str(evaluation.jaccard(X, Y))', 'File : /home/talyasapir2/BioNetworkClustering/YemeniteStep/evaluation.py , Line : 73, Func.Name : jaccard, Message : if X[i]==X[j]:']
1000_0.4_2,ERRORException type : KeyboardInterrupt Exception message : Stack trace : ['File : /home/talyasapir2/BioNetworkClustering/YemeniteStep/yemeniteStepTesterLinux.py , Line : 84, Func.Name : run_test, Message : write_result(f, i, n, mu, method, rnd, rmrg, rltv, time_, comms, dic, real_comms, G)', 'File : /home/talyasapir2/BioNetworkClustering/YemeniteStep/yemeniteStepTesterLinux.py , Line : 31, Func.Name : write_result, Message : modularity = str(evaluation.modularity(G, comms))', 'File : /home/talyasapir2/BioNetworkClustering/YemeniteStep/evaluation.py , Line : 7, Func.Name : modularity, Message : m=nx_comm.modularity(G,arr)', 'File : /home/talyasapir2/.local/lib/python3.9/site-packages/networkx/algorithms/community/quality.py , Line : 353, Func.Name : modularity, Message : return sum(map(community_contribution, communities))', 'File : /home/talyasapir2/.local/lib/python3.9/site-packages/networkx/algorithms/community/quality.py , Line : 346, Func.Name : community_contribution, Message : L_c = sum(wt for u, v, wt in G.edges(comm, data=weight, default=1) if v in comm)', 'File : /home/talyasapir2/.local/lib/python3.9/site-packages/networkx/algorithms/community/quality.py , Line : 346, Func.Name : <genexpr>, Message : L_c = sum(wt for u, v, wt in G.edges(comm, data=weight, default=1) if v in comm)', 'File : /home/talyasapir2/.local/lib/python3.9/site-packages/networkx/classes/reportviews.py , Line : 850, Func.Name : __iter__, Message : yield self._report(n, nbr, dd)', 'File : /home/talyasapir2/.local/lib/python3.9/site-packages/networkx/classes/reportviews.py , Line : 781, Func.Name : <lambda>, Message : else (n, nbr, default)']
1000_0.4_3,ERRORException type : KeyboardInterrupt Exception message : Stack trace : ['File : /home/talyasapir2/BioNetworkClustering/YemeniteStep/yemeniteStepTesterLinux.py , Line : 79, Func.Name : run_test, Message : comms = ys.get_communities(G, splitting_func=method, randomized=rnd, remerge=rmrg ,relative=rltv)', 'File : /home/talyasapir2/BioNetworkClustering/YemeniteStep/yemenitestep.py , Line : 408, Func.Name : get_communities, Message : louvain.run()', 'File : /home/talyasapir2/BioNetworkClustering/YemeniteStep/yemenitestep.py , Line : 41, Func.Name : run, Message : self.iterate()', 'File : /home/talyasapir2/BioNetworkClustering/YemeniteStep/yemenitestep.py , Line : 95, Func.Name : iterate, Message : neighbour_communities = self.get_neighbour_communities(', 'File : /home/talyasapir2/BioNetworkClustering/YemeniteStep/yemenitestep.py , Line : 269, Func.Name : get_neighbour_communities, Message : w = G[node][neighbour].get("weight", 1)']
4,1000,0.4,Louvain,False,True,False,1.434488296508789,0.2772734158521113,0.24726242282087452,0.307595802919708
5,1000,0.4,Louvain,False,True,False,1.457576036453247,0.24968935264578163,0.24328565063378982,0.234375
6,1000,0.4,Louvain,False,True,False,1.5621240139007568,0.5630350239123806,0.6041098499612066,0.8509493051477784
7,1000,0.4,Louvain,False,True,False,1.4871819019317627,0.5654622111999695,0.6011835120073565,0.9445114595898673
8,1000,0.4,Louvain,False,True,False,1.5608062744140625,0.5605657083519446,0.6011372948994592,1.0
9,1000,0.4,Louvain,False,True,False,1.565030574798584,0.24944837179139762,0.24261715661980443,0.23961569439650213
0,10000,0.4,Louvain,False,True,False,21.811739444732666,0.6026541432080567,0.6131199486900631,0.30260664108222896
1,10000,0.4,Louvain,False,True,False,20.118571758270264,0.601790254117164,0.6123352544593934,0.29516072219490336
2,10000,0.4,Louvain,False,True,False,22.410448789596558,0.6020430312691181,0.6122133562388592,0.30527744286707076
3,10000,0.4,Louvain,False,True,False,20.102274656295776,0.602239247564331,0.6127510900474946,0.3114663886759968
4,10000,0.4,Louvain,False,True,False,39.66304659843445,0.601487609585084,0.6112788001068263,0.3230513607310831
