i,size,mu,method,random,remerge,relative,time,modularity,conductance,jaccard
0,1000,0.4,Louvain,False,False,False,1.5082755088806152,0.5619952270317068,0.5992195105568252,0.9746040886841347
1000_0.4_1,ERRORException type : KeyboardInterrupt Exception message : Stack trace : ['File : /home/talyasapir2/BioNetworkClustering/YemeniteStep/yemeniteStepTesterLinux.py , Line : 84, Func.Name : run_test, Message : write_result(f, i, n, mu, method, rnd, rmrg, rltv, time_, comms, dic, real_comms, G)', 'File : /home/talyasapir2/BioNetworkClustering/YemeniteStep/yemeniteStepTesterLinux.py , Line : 33, Func.Name : write_result, Message : accurary = str(evaluation.jaccard(X, Y))', 'File : /home/talyasapir2/BioNetworkClustering/YemeniteStep/evaluation.py , Line : 73, Func.Name : jaccard, Message : if X[i]==X[j]:']
1000_0.4_2,ERRORException type : KeyboardInterrupt Exception message : Stack trace : ['File : /home/talyasapir2/BioNetworkClustering/YemeniteStep/yemeniteStepTesterLinux.py , Line : 79, Func.Name : run_test, Message : comms = ys.get_communities(G, splitting_func=method, randomized=rnd, remerge=rmrg ,relative=rltv)', 'File : /home/talyasapir2/BioNetworkClustering/YemeniteStep/yemenitestep.py , Line : 408, Func.Name : get_communities, Message : louvain.run()', 'File : /home/talyasapir2/BioNetworkClustering/YemeniteStep/yemenitestep.py , Line : 41, Func.Name : run, Message : self.iterate()', 'File : /home/talyasapir2/BioNetworkClustering/YemeniteStep/yemenitestep.py , Line : 95, Func.Name : iterate, Message : neighbour_communities = self.get_neighbour_communities(', 'File : /home/talyasapir2/BioNetworkClustering/YemeniteStep/yemenitestep.py , Line : 269, Func.Name : get_neighbour_communities, Message : w = G[node][neighbour].get("weight", 1)', 'File : /home/talyasapir2/.local/lib/python3.9/site-packages/networkx/classes/graph.py , Line : 517, Func.Name : __getitem__, Message : return self.adj[n]']
1000_0.4_3,ERRORException type : KeyboardInterrupt Exception message : Stack trace : ['File : /home/talyasapir2/BioNetworkClustering/YemeniteStep/yemeniteStepTesterLinux.py , Line : 79, Func.Name : run_test, Message : comms = ys.get_communities(G, splitting_func=method, randomized=rnd, remerge=rmrg ,relative=rltv)', 'File : /home/talyasapir2/BioNetworkClustering/YemeniteStep/yemenitestep.py , Line : 408, Func.Name : get_communities, Message : louvain.run()', 'File : /home/talyasapir2/BioNetworkClustering/YemeniteStep/yemenitestep.py , Line : 41, Func.Name : run, Message : self.iterate()', 'File : /home/talyasapir2/BioNetworkClustering/YemeniteStep/yemenitestep.py , Line : 109, Func.Name : iterate, Message : delta_Q = self.calculate_delta_Q(']
4,1000,0.4,Louvain,False,False,False,1.494368314743042,0.5621092222102126,0.5988024312174332,1.0
5,1000,0.4,Louvain,False,False,False,1.5604841709136963,0.5612755675849941,0.600472937419764,0.9744647105471848
6,1000,0.4,Louvain,False,False,False,1.4910862445831299,0.5641436563870077,0.6034993823455272,0.9169039333544237
7,1000,0.4,Louvain,False,False,False,1.4812898635864258,0.5654622111999695,0.6011835120073565,0.9445114595898673
8,1000,0.4,Louvain,False,False,False,1.6194725036621094,0.5605657083519446,0.6011372948994592,1.0
9,1000,0.4,Louvain,False,False,False,1.6656575202941895,0.5620488768031379,0.5999479369250511,0.9741089441829186
0,10000,0.4,Louvain,False,False,False,21.607088327407837,0.6026541432080567,0.6131199486900631,0.30260664108222896
1,10000,0.4,Louvain,False,False,False,19.53979754447937,0.601790254117164,0.6123352544593934,0.29516072219490336
2,10000,0.4,Louvain,False,False,False,21.932621717453003,0.6020430312691181,0.6122133562388592,0.30527744286707076
3,10000,0.4,Louvain,False,False,False,20.560434341430664,0.602239247564331,0.6127510900474946,0.3114663886759968
