i,size,mu,method,random,remerge,relative,time,modularity,conductance,jaccard
0,1000,0.4,Louvain,True,True,False,1.7304439544677734,0.24917524751353112,0.24261958380913984,0.2417277239423304
1000_0.4_1,ERRORException type : KeyboardInterrupt Exception message : Stack trace : ['File : /home/talyasapir2/BioNetworkClustering/YemeniteStep/yemeniteStepTesterLinux.py , Line : 84, Func.Name : run_test, Message : write_result(f, i, n, mu, method, rnd, rmrg, rltv, time_, comms, dic, real_comms, G)', 'File : /home/talyasapir2/BioNetworkClustering/YemeniteStep/yemeniteStepTesterLinux.py , Line : 32, Func.Name : write_result, Message : cunductance = str(evaluation.conductance(G, comms))', 'File : /home/talyasapir2/BioNetworkClustering/YemeniteStep/evaluation.py , Line : 30, Func.Name : conductance, Message : T=G.nodes()-A', 'File : /usr/lib/python3.9/_collections_abc.py , Line : 601, Func.Name : __sub__, Message : return self._from_iterable(value for value in self', 'File : /home/talyasapir2/.local/lib/python3.9/site-packages/networkx/classes/reportviews.py , Line : 202, Func.Name : _from_iterable, Message : return set(it)', 'File : /usr/lib/python3.9/_collections_abc.py , Line : 601, Func.Name : <genexpr>, Message : return self._from_iterable(value for value in self']
1000_0.4_2,ERRORException type : KeyboardInterrupt Exception message : Stack trace : ['File : /home/talyasapir2/BioNetworkClustering/YemeniteStep/yemeniteStepTesterLinux.py , Line : 79, Func.Name : run_test, Message : comms = ys.get_communities(G, splitting_func=method, randomized=rnd, remerge=rmrg ,relative=rltv)', 'File : /home/talyasapir2/BioNetworkClustering/YemeniteStep/yemenitestep.py , Line : 408, Func.Name : get_communities, Message : louvain.run()', 'File : /home/talyasapir2/BioNetworkClustering/YemeniteStep/yemenitestep.py , Line : 41, Func.Name : run, Message : self.iterate()', 'File : /home/talyasapir2/BioNetworkClustering/YemeniteStep/yemenitestep.py , Line : 135, Func.Name : iterate, Message : self.split_communities(self.communities, community_map)', 'File : /home/talyasapir2/BioNetworkClustering/YemeniteStep/yemenitestep.py , Line : 209, Func.Name : split_communities, Message : sub_community_map = self.splitting_func(subgraph)', 'File : /home/talyasapir2/BioNetworkClustering/YemeniteStep/splitting_functions.py , Line : 32, Func.Name : louvain_random, Message : l.run()', 'File : /home/talyasapir2/BioNetworkClustering/YemeniteStep/yemenitestep.py , Line : 41, Func.Name : run, Message : self.iterate()', 'File : /home/talyasapir2/BioNetworkClustering/YemeniteStep/yemenitestep.py , Line : 95, Func.Name : iterate, Message : neighbour_communities = self.get_neighbour_communities(', 'File : /home/talyasapir2/BioNetworkClustering/YemeniteStep/yemenitestep.py , Line : 269, Func.Name : get_neighbour_communities, Message : w = G[node][neighbour].get("weight", 1)', 'File : /home/talyasapir2/.local/lib/python3.9/site-packages/networkx/classes/graph.py , Line : 517, Func.Name : __getitem__, Message : return self.adj[n]']
1000_0.4_3,ERRORException type : KeyboardInterrupt Exception message : Stack trace : ['File : /home/talyasapir2/BioNetworkClustering/YemeniteStep/yemeniteStepTesterLinux.py , Line : 79, Func.Name : run_test, Message : comms = ys.get_communities(G, splitting_func=method, randomized=rnd, remerge=rmrg ,relative=rltv)', 'File : /home/talyasapir2/BioNetworkClustering/YemeniteStep/yemenitestep.py , Line : 408, Func.Name : get_communities, Message : louvain.run()', 'File : /home/talyasapir2/BioNetworkClustering/YemeniteStep/yemenitestep.py , Line : 41, Func.Name : run, Message : self.iterate()', 'File : /home/talyasapir2/BioNetworkClustering/YemeniteStep/yemenitestep.py , Line : 95, Func.Name : iterate, Message : neighbour_communities = self.get_neighbour_communities(', 'File : /home/talyasapir2/BioNetworkClustering/YemeniteStep/yemenitestep.py , Line : 269, Func.Name : get_neighbour_communities, Message : w = G[node][neighbour].get("weight", 1)', 'File : /home/talyasapir2/.local/lib/python3.9/site-packages/networkx/classes/graph.py , Line : 517, Func.Name : __getitem__, Message : return self.adj[n]', 'File : /home/talyasapir2/.local/lib/python3.9/site-packages/networkx/classes/coreviews.py , Line : 82, Func.Name : __getitem__, Message : return AtlasView(self._atlas[name])', 'File : /home/talyasapir2/.local/lib/python3.9/site-packages/networkx/classes/coreviews.py , Line : 44, Func.Name : __init__, Message : def __init__(self, d):']
4,1000,0.4,Louvain,True,True,False,1.6049907207489014,0.5621092222102126,0.5988024312174332,1.0
5,1000,0.4,Louvain,True,True,False,1.734896183013916,0.24287974589117234,0.2372194541978,0.2185329861111111
6,1000,0.4,Louvain,True,True,False,1.8145523071289062,0.5641436563870077,0.6034993823455272,0.9169039333544237
7,1000,0.4,Louvain,True,True,False,1.6316332817077637,0.5654622111999695,0.6011835120073565,0.9445114595898673
8,1000,0.4,Louvain,True,True,False,1.6045739650726318,0.5605657083519446,0.6011372948994592,1.0
9,1000,0.4,Louvain,True,True,False,1.6824777126312256,0.2382174839951692,0.23219628461363084,0.22661373835001725
0,10000,0.4,Louvain,True,True,False,23.10865044593811,0.6028013174514171,0.6132040300983659,0.30071700464198386
1,10000,0.4,Louvain,True,True,False,21.349202394485474,0.6017334358828943,0.6121912260612885,0.29558440379148243
2,10000,0.4,Louvain,True,True,False,24.448765516281128,0.6019538018631446,0.6117881438011783,0.3191101942136312
3,10000,0.4,Louvain,True,True,False,21.38921594619751,0.6022157956935118,0.6126099468090938,0.3143419583893134
