i,size,mu,method,random,remerge,relative,time,modularity,conductance,jaccard
0,1000,0.4,Louvain,True,False,False,1.831531286239624,0.5619952270317068,0.5992195105568252,0.9746040886841347
1000_0.4_1,ERRORException type : KeyboardInterrupt Exception message : Stack trace : ['File : /home/talyasapir2/BioNetworkClustering/YemeniteStep/yemeniteStepTesterLinux.py , Line : 84, Func.Name : run_test, Message : write_result(f, i, n, mu, method, rnd, rmrg, rltv, time_, comms, dic, real_comms, G)', 'File : /home/talyasapir2/BioNetworkClustering/YemeniteStep/yemeniteStepTesterLinux.py , Line : 33, Func.Name : write_result, Message : accurary = str(evaluation.jaccard(X, Y))', 'File : /home/talyasapir2/BioNetworkClustering/YemeniteStep/evaluation.py , Line : 79, Func.Name : jaccard, Message : if Y[i]==Y[j]:']
1000_0.4_2,ERRORException type : KeyboardInterrupt Exception message : Stack trace : ['File : /home/talyasapir2/BioNetworkClustering/YemeniteStep/yemeniteStepTesterLinux.py , Line : 79, Func.Name : run_test, Message : comms = ys.get_communities(G, splitting_func=method, randomized=rnd, remerge=rmrg ,relative=rltv)', 'File : /home/talyasapir2/BioNetworkClustering/YemeniteStep/yemenitestep.py , Line : 408, Func.Name : get_communities, Message : louvain.run()', 'File : /home/talyasapir2/BioNetworkClustering/YemeniteStep/yemenitestep.py , Line : 41, Func.Name : run, Message : self.iterate()', 'File : /home/talyasapir2/BioNetworkClustering/YemeniteStep/yemenitestep.py , Line : 135, Func.Name : iterate, Message : self.split_communities(self.communities, community_map)', 'File : /home/talyasapir2/BioNetworkClustering/YemeniteStep/yemenitestep.py , Line : 226, Func.Name : split_communities, Message : self.reorder_communities(new_community_map, community_map)', 'File : /home/talyasapir2/BioNetworkClustering/YemeniteStep/yemenitestep.py , Line : 249, Func.Name : reorder_communities, Message : neighbour_communities = self.get_neighbour_communities(', 'File : /home/talyasapir2/BioNetworkClustering/YemeniteStep/yemenitestep.py , Line : 269, Func.Name : get_neighbour_communities, Message : w = G[node][neighbour].get("weight", 1)']
1000_0.4_3,ERRORException type : KeyboardInterrupt Exception message : Stack trace : ['File : /home/talyasapir2/BioNetworkClustering/YemeniteStep/yemeniteStepTesterLinux.py , Line : 79, Func.Name : run_test, Message : comms = ys.get_communities(G, splitting_func=method, randomized=rnd, remerge=rmrg ,relative=rltv)', 'File : /home/talyasapir2/BioNetworkClustering/YemeniteStep/yemenitestep.py , Line : 408, Func.Name : get_communities, Message : louvain.run()', 'File : /home/talyasapir2/BioNetworkClustering/YemeniteStep/yemenitestep.py , Line : 41, Func.Name : run, Message : self.iterate()', 'File : /home/talyasapir2/BioNetworkClustering/YemeniteStep/yemenitestep.py , Line : 109, Func.Name : iterate, Message : delta_Q = self.calculate_delta_Q(', 'File : /home/talyasapir2/BioNetworkClustering/YemeniteStep/yemenitestep.py , Line : 285, Func.Name : calculate_delta_Q, Message : delta_Q = 2 * k_i_in - sigma_tot * k_i / m']
4,1000,0.4,Louvain,True,False,False,1.61293363571167,0.5621092222102126,0.5988024312174332,1.0
5,1000,0.4,Louvain,True,False,False,1.6069881916046143,0.5610346836989205,0.6002751452016182,0.9702327545257824
6,1000,0.4,Louvain,True,False,False,1.7160139083862305,0.5641436563870077,0.6034993823455272,0.9169039333544237
7,1000,0.4,Louvain,True,False,False,1.5835270881652832,0.5654622111999695,0.6011835120073565,0.9445114595898673
8,1000,0.4,Louvain,True,False,False,1.9668686389923096,0.5605657083519446,0.6011372948994592,1.0
9,1000,0.4,Louvain,True,False,False,1.7274551391601562,0.5620488768031379,0.5999479369250511,0.9741089441829186
0,10000,0.4,Louvain,True,False,False,20.95403218269348,0.6025154343244399,0.6125313507656713,0.3135440799330137
1,10000,0.4,Louvain,True,False,False,23.19778084754944,0.6016349883733069,0.6116694321659999,0.31392247774480714
2,10000,0.4,Louvain,True,False,False,23.688342571258545,0.6019444464183492,0.6120292766448127,0.3059678026771383
3,10000,0.4,Louvain,True,False,False,22.784536123275757,0.602275982495115,0.6124797678759492,0.2980258927795638
