i,size,mu,method,random,remerge,relative,time,modularity,conductance,jaccard
1000_0.4_0,ERRORException type : KeyboardInterrupt Exception message : Stack trace : ['File : /home/talyasapir2/BioNetworkClustering/YemeniteStep/yemeniteStepTesterLinux.py , Line : 79, Func.Name : run_test, Message : comms = ys.get_communities(G, splitting_func=method, randomized=rnd, remerge=rmrg ,relative=rltv)', 'File : /home/talyasapir2/BioNetworkClustering/YemeniteStep/yemenitestep.py , Line : 408, Func.Name : get_communities, Message : louvain.run()', 'File : /home/talyasapir2/BioNetworkClustering/YemeniteStep/yemenitestep.py , Line : 41, Func.Name : run, Message : self.iterate()', 'File : /home/talyasapir2/BioNetworkClustering/YemeniteStep/yemenitestep.py , Line : 95, Func.Name : iterate, Message : neighbour_communities = self.get_neighbour_communities(', 'File : /home/talyasapir2/BioNetworkClustering/YemeniteStep/yemenitestep.py , Line : 269, Func.Name : get_neighbour_communities, Message : w = G[node][neighbour].get("weight", 1)', 'File : /home/talyasapir2/.local/lib/python3.9/site-packages/networkx/classes/graph.py , Line : 517, Func.Name : __getitem__, Message : return self.adj[n]', 'File : /home/talyasapir2/.local/lib/python3.9/site-packages/networkx/classes/coreviews.py , Line : 82, Func.Name : __getitem__, Message : return AtlasView(self._atlas[name])']
1,1000,0.4,GN_conductance,True,True,False,69.06985020637512,0.5589254429381141,0.5489272256770094,0.9308003233629749
2,1000,0.4,GN_conductance,True,True,False,62.60628294944763,0.5636947347478328,0.6017830219528861,0.9279124651362368
3,1000,0.4,GN_conductance,True,True,False,70.87875699996948,0.49360972813111026,0.16312432290940637,0.8077384523095381
4,1000,0.4,GN_conductance,True,True,False,74.39444994926453,0.43984967826622723,0.07812749342970093,0.6967951642335767
5,1000,0.4,GN_conductance,True,True,False,154.92901134490967,0.3785886252421707,0.04727211812064469,0.6042751736111112
