i,size,mu,method,random,remerge,relative,time,modularity,conductance,jaccard
1000_0.4_0,ERRORException type : KeyboardInterrupt Exception message : Stack trace : ['File : /home/talyasapir2/BioNetworkClustering/YemeniteStep/yemeniteStepTesterLinux.py , Line : 79, Func.Name : run_test, Message : comms = ys.get_communities(G, splitting_func=method, randomized=rnd, remerge=rmrg ,relative=rltv)', 'File : /home/talyasapir2/BioNetworkClustering/YemeniteStep/yemenitestep.py , Line : 408, Func.Name : get_communities, Message : louvain.run()', 'File : /home/talyasapir2/BioNetworkClustering/YemeniteStep/yemenitestep.py , Line : 41, Func.Name : run, Message : self.iterate()', 'File : /home/talyasapir2/BioNetworkClustering/YemeniteStep/yemenitestep.py , Line : 95, Func.Name : iterate, Message : neighbour_communities = self.get_neighbour_communities(', 'File : /home/talyasapir2/BioNetworkClustering/YemeniteStep/yemenitestep.py , Line : 269, Func.Name : get_neighbour_communities, Message : w = G[node][neighbour].get("weight", 1)']
1,1000,0.4,GN_conductance,True,False,False,69.00639629364014,0.5615000297103908,0.6025979634534413,0.8845355606175652
2,1000,0.4,GN_conductance,True,False,False,54.56327700614929,0.5636947347478328,0.6017830219528861,0.9279124651362368
3,1000,0.4,GN_conductance,True,False,False,68.81857109069824,0.564275731059279,0.5999597731917252,0.9671056448337878
4,1000,0.4,GN_conductance,True,False,False,67.73123955726624,0.5621092222102126,0.5988024312174332,1.0
5,1000,0.4,GN_conductance,True,False,False,142.03615593910217,0.5612106698551749,0.6017091693051084,0.9152390883360644
